staff_rec_id,staff_guid,first_name,middle_name,last_name,section_guid,hier_user_type,state_code,district_guid,school_guid,from_date,to_date,most_recent
44,4762e0a8-d79a-4449-96db-476d57c89af9,Scott,William,Farrand,NA,Staff,ES,1d7690f2-0be7-4ded-a4fc-02ad721b9529,NA,20120901,,True
45,59b9de7d-f629-4b46-9b7b-254c2634a36c,Barbara,,Neely,NA,Staff,ES,1d7690f2-0be7-4ded-a4fc-02ad721b9529,NA,20120901,,True
46,a09c7fe4-59eb-45df-8929-8f7813aa14fa,Kimberly,Ramona,Lavoie,NA,Staff,ES,1d7690f2-0be7-4ded-a4fc-02ad721b9529,NA,20120901,,True
47,0bceeda0-305d-4906-bf89-556b274ec15d,Cheryl,,Hardy,NA,Staff,ES,1d7690f2-0be7-4ded-a4fc-02ad721b9529,NA,20120901,,True
48,7a8d90a7-0d90-4722-8c42-4c0afaf5e29c,Faye,Helen,James,NA,Staff,ES,1d7690f2-0be7-4ded-a4fc-02ad721b9529,NA,20120901,,True
49,f6d6d832-a354-46a5-aac8-7c67f6245c3b,Dale,Michel,Smith,NA,Staff,ES,1d7690f2-0be7-4ded-a4fc-02ad721b9529,NA,20120901,,True
50,a3ac7a38-b952-4336-908d-0278411454ec,Donna,,Stroud,NA,Staff,ES,1d7690f2-0be7-4ded-a4fc-02ad721b9529,NA,20120901,,True
51,54c7d882-6d96-41db-b25f-1b9415c37d53,Patricia,Shannon,Devereaux,NA,Staff,ES,1d7690f2-0be7-4ded-a4fc-02ad721b9529,NA,20120901,,True
52,a4ebae87-9fac-4dfd-8cab-79ff3980e915,Allen,Steven,Hamilton,NA,Staff,ES,1d7690f2-0be7-4ded-a4fc-02ad721b9529,NA,20120901,,True
53,25eb5346-7a56-4baa-8998-5d3779b874a3,Tony,Roger,Morales,NA,Staff,ES,1d7690f2-0be7-4ded-a4fc-02ad721b9529,NA,20120901,,True
142,d062b9e7-851b-41c8-ac42-bb767ce53409,Linda,,Murphy,NA,Staff,ES,945768f8-50b7-473f-8c0c-9cac4473a8fd,NA,20120901,,True
143,ddb41b4d-2633-425d-b5af-eb6138213e00,Lisa,Jodie,Baker,NA,Staff,ES,945768f8-50b7-473f-8c0c-9cac4473a8fd,NA,20120901,,True
144,13cefdc0-d21d-46cd-94d6-bbbcfd5725ae,Annette,Cindy,Ledesma,NA,Staff,ES,945768f8-50b7-473f-8c0c-9cac4473a8fd,NA,20120901,,True
145,ea6d35cc-c610-4391-82b6-66d15bc94b95,Marilee,Catherine,Fahey,NA,Staff,ES,945768f8-50b7-473f-8c0c-9cac4473a8fd,NA,20120901,,True
146,2654fd2e-ba9e-4df4-93d3-b11546058cff,Lee,,Schacht,NA,Staff,ES,945768f8-50b7-473f-8c0c-9cac4473a8fd,NA,20120901,,True
147,06326335-c8e0-45a8-af6a-1db91fdf306e,Sharon,,Smith,NA,Staff,ES,945768f8-50b7-473f-8c0c-9cac4473a8fd,NA,20120901,,True
148,74c10487-be82-4a12-b1ca-a0a5df23d95f,Pauline,Juanita,Moreno,NA,Staff,ES,945768f8-50b7-473f-8c0c-9cac4473a8fd,NA,20120901,,True
149,ede0b2bc-883c-410c-8b92-8a107d91db26,Darlene,,Smith,NA,Staff,ES,945768f8-50b7-473f-8c0c-9cac4473a8fd,NA,20120901,,True
150,733274d5-a335-4623-90f6-2dacc9f49b8c,George,Lester,Helton,NA,Staff,ES,945768f8-50b7-473f-8c0c-9cac4473a8fd,NA,20120901,,True
151,96cec751-0935-4eb9-8eaa-50de6574dcfe,Rocco,,Robinson,NA,Staff,ES,945768f8-50b7-473f-8c0c-9cac4473a8fd,NA,20120901,,True
216,5a0e66de-7fcb-49ee-8a27-6b40ed48c87a,Earnestine,,Vega,NA,Staff,ES,b2d24414-988d-4bdf-b36c-43c5a0543296,NA,20120901,,True
217,c25bb71f-4cd8-48f4-ac41-3305d1521e53,Patricia,Jill,Leary,NA,Staff,ES,b2d24414-988d-4bdf-b36c-43c5a0543296,NA,20120901,,True
218,c13abd6d-3962-487b-be01-f2d583c61cb6,Carolyn,Maybelle,Mattson,NA,Staff,ES,b2d24414-988d-4bdf-b36c-43c5a0543296,NA,20120901,,True
219,c1b0c08f-0189-4b44-bf82-f65109f56f72,Wendi,Julianna,Wigfall,NA,Staff,ES,b2d24414-988d-4bdf-b36c-43c5a0543296,NA,20120901,,True
220,09ae2ff0-66f2-4030-b013-a20d5a3bad51,Phyllis,,Brewton,NA,Staff,ES,b2d24414-988d-4bdf-b36c-43c5a0543296,NA,20120901,,True
221,7712200a-643e-441b-82e5-2ae2775e6de0,Dale,Philip,Plourde,NA,Staff,ES,b2d24414-988d-4bdf-b36c-43c5a0543296,NA,20120901,,True
222,baa7af24-f656-4e90-ba34-aff275187b42,Irene,Ruth,Davis,NA,Staff,ES,b2d24414-988d-4bdf-b36c-43c5a0543296,NA,20120901,,True
223,49dc5d80-c10a-497f-a374-34e63c147abf,Rebecca,,Snowden,NA,Staff,ES,b2d24414-988d-4bdf-b36c-43c5a0543296,NA,20120901,,True
224,11402644-02c5-447f-984c-e928f904f9e0,Robert,,Wilson,NA,Staff,ES,b2d24414-988d-4bdf-b36c-43c5a0543296,NA,20120901,,True
225,cf1b5235-0a4e-4bb6-8c3e-881922e8a748,Ruth,,Angell,NA,Staff,ES,b2d24414-988d-4bdf-b36c-43c5a0543296,NA,20120901,,True
314,728d0edc-881f-4415-90e3-d6b8bb55e5ab,Deloris,Victoria,Wilson,NA,Staff,ES,fd4475a6-5f76-463e-9f0a-1eca07563055,NA,20120901,,True
315,dcb205c5-0ab0-41ed-8091-587a5fef2d63,William,Royal,Johnson,NA,Staff,ES,fd4475a6-5f76-463e-9f0a-1eca07563055,NA,20120901,,True
316,d6c5a6be-4223-4b82-a8ed-6eb5f445cb27,Lizzie,,Rice,NA,Staff,ES,fd4475a6-5f76-463e-9f0a-1eca07563055,NA,20120901,,True
317,55f68234-c229-4724-8984-08e37baceb2c,David,,Whitaker,NA,Staff,ES,fd4475a6-5f76-463e-9f0a-1eca07563055,NA,20120901,,True
318,d9c4e823-7db5-488d-86f4-7c8d78529237,Samuel,John,Ruiz,NA,Staff,ES,fd4475a6-5f76-463e-9f0a-1eca07563055,NA,20120901,,True
319,f08b203e-9fbb-4dcf-a010-3dec1b258dde,Clarence,,Martindale,NA,Staff,ES,fd4475a6-5f76-463e-9f0a-1eca07563055,NA,20120901,,True
320,ef666c84-8df9-4a2a-b5ed-8ad3bbfdd30a,Leonard,,Burchfield,NA,Staff,ES,fd4475a6-5f76-463e-9f0a-1eca07563055,NA,20120901,,True
321,968b9794-8e10-4e11-a69b-795a620825ad,Kathleen,,Pollard,NA,Staff,ES,fd4475a6-5f76-463e-9f0a-1eca07563055,NA,20120901,,True
322,8be2f289-82e9-4452-b99d-a59a504d47be,Angie,Linda,Wright,NA,Staff,ES,fd4475a6-5f76-463e-9f0a-1eca07563055,NA,20120901,,True
323,247eac39-f983-4759-81c2-cedbad3ed211,Nick,Ron,Smith,NA,Staff,ES,fd4475a6-5f76-463e-9f0a-1eca07563055,NA,20120901,,True
340,1a9b0ce2-f803-492c-93e8-98feceb2c9d3,Scott,,Bird,NA,Staff,ES,ebf62dc7-9b86-4c3c-b78b-0f9e8bff2f43,NA,20120901,,True
341,adc81460-7af2-4d11-9e5b-2ae8439e6091,Hattie,Veronica,Newton,NA,Staff,ES,ebf62dc7-9b86-4c3c-b78b-0f9e8bff2f43,NA,20120901,,True
342,312e63a7-3a1e-4f01-8973-566617972043,James,Joseph,Brannon,NA,Staff,ES,ebf62dc7-9b86-4c3c-b78b-0f9e8bff2f43,NA,20120901,,True
343,8cc1a360-796b-44cb-ac8f-0d63a1ec0681,Cynthia,Faye,Gilbert,NA,Staff,ES,ebf62dc7-9b86-4c3c-b78b-0f9e8bff2f43,NA,20120901,,True
344,4f980d9b-da3e-401f-a5d6-52f5843e7603,Donna,Donna,Tanner,NA,Staff,ES,ebf62dc7-9b86-4c3c-b78b-0f9e8bff2f43,NA,20120901,,True
345,5f930d34-4c7d-426a-9208-1d2a053cebde,Dorothy,Diane,Adair,NA,Staff,ES,ebf62dc7-9b86-4c3c-b78b-0f9e8bff2f43,NA,20120901,,True
346,8c6f8508-89eb-4036-b968-355dea02a192,Pamela,Virginia,Rogers,NA,Staff,ES,ebf62dc7-9b86-4c3c-b78b-0f9e8bff2f43,NA,20120901,,True
347,958be952-9d9f-41b6-9c29-d1afb88ed0c0,Juan,Rafael,Williams,NA,Staff,ES,ebf62dc7-9b86-4c3c-b78b-0f9e8bff2f43,NA,20120901,,True
348,85292772-2725-45dc-affc-95dbd217330c,Charles,Scott,Frazier,NA,Staff,ES,ebf62dc7-9b86-4c3c-b78b-0f9e8bff2f43,NA,20120901,,True
349,bb7b4a36-cd5e-49ca-a8b2-dcc144747a64,Angelina,,Friedland,NA,Staff,ES,ebf62dc7-9b86-4c3c-b78b-0f9e8bff2f43,NA,20120901,,True
366,2ad50af1-b11f-4245-ac73-44c26943ff94,Nancy,,Chavez,NA,Staff,ES,fd78dd4b-78e9-408a-9820-08e051c47b08,NA,20120901,,True
367,e65d632b-0834-411b-b138-51679e98f73b,William,,Goodwin,NA,Staff,ES,fd78dd4b-78e9-408a-9820-08e051c47b08,NA,20120901,,True
368,fb46da78-8c15-4fb6-a5a0-a4c99d5b18ff,Ernest,Michael,Reyes,NA,Staff,ES,fd78dd4b-78e9-408a-9820-08e051c47b08,NA,20120901,,True
369,4317a87c-d950-41e9-9f35-97bd898fdc05,Marina,,Easterly,NA,Staff,ES,fd78dd4b-78e9-408a-9820-08e051c47b08,NA,20120901,,True
370,d63db113-b279-43a6-a351-2ee48da48257,Linda,,Washington,NA,Staff,ES,fd78dd4b-78e9-408a-9820-08e051c47b08,NA,20120901,,True
371,de2640fa-b4da-44e8-8dee-0706c5ad5a4c,Charlie,,Cromwell,NA,Staff,ES,fd78dd4b-78e9-408a-9820-08e051c47b08,NA,20120901,,True
372,b1108d18-5919-43c6-99d4-05167bdee0f4,Robert,,Love,NA,Staff,ES,fd78dd4b-78e9-408a-9820-08e051c47b08,NA,20120901,,True
373,726d54fd-6a0d-4d41-b520-de889f4bcf5a,Jody,,Campbell,NA,Staff,ES,fd78dd4b-78e9-408a-9820-08e051c47b08,NA,20120901,,True
374,15687ec9-5993-453b-b5ea-7087838ec998,Scott,,Aucoin,NA,Staff,ES,fd78dd4b-78e9-408a-9820-08e051c47b08,NA,20120901,,True
375,44ddec61-7c91-4555-ab79-1e17863e886c,Shirley,Edith,Curtis,NA,Staff,ES,fd78dd4b-78e9-408a-9820-08e051c47b08,NA,20120901,,True
392,a6d8dde9-9859-48c0-bc08-434a7a9d6bdb,Brooke,,Addy,NA,Staff,ES,7a9378c2-024b-41ec-84f2-62abe2ddf49c,NA,20120901,,True
393,6d56d86a-eec3-4cb2-82b8-fe48778224b2,Kim,Rachel,Johnson,NA,Staff,ES,7a9378c2-024b-41ec-84f2-62abe2ddf49c,NA,20120901,,True
394,d6b9a11b-b5af-4f31-8e4a-9581b51cde7e,Shirley,May,Heaton,NA,Staff,ES,7a9378c2-024b-41ec-84f2-62abe2ddf49c,NA,20120901,,True
395,4b6fb16b-92d0-4703-aa15-f1a59ad01249,Joseph,Adam,Ritz,NA,Staff,ES,7a9378c2-024b-41ec-84f2-62abe2ddf49c,NA,20120901,,True
396,0a7d80b6-7d2d-40ac-be9a-637c87e2a81c,Jennifer,Jackie,Oh,NA,Staff,ES,7a9378c2-024b-41ec-84f2-62abe2ddf49c,NA,20120901,,True
397,52557d18-f684-40f3-941e-378bff759364,Sarah,,Brundage,NA,Staff,ES,7a9378c2-024b-41ec-84f2-62abe2ddf49c,NA,20120901,,True
398,2c4e639b-36e5-44ee-85cf-7ea5239759d3,Joyce,,Faulk,NA,Staff,ES,7a9378c2-024b-41ec-84f2-62abe2ddf49c,NA,20120901,,True
399,cbcaf89b-e626-4b57-ba56-3f5e8fd61d2e,Walter,,Horace,NA,Staff,ES,7a9378c2-024b-41ec-84f2-62abe2ddf49c,NA,20120901,,True
400,fef4d5c8-2caf-412e-a711-dd3ca18448ef,James,,Powell,NA,Staff,ES,7a9378c2-024b-41ec-84f2-62abe2ddf49c,NA,20120901,,True
401,5b8b616d-5886-4a61-ad91-89e29d2a08c2,Crystal,,Nall,NA,Staff,ES,7a9378c2-024b-41ec-84f2-62abe2ddf49c,NA,20120901,,True
418,1d1e9628-6ecd-431f-8c74-012327bb750b,Stephanie,Lauren,Rodriguez,NA,Staff,ES,5301b8dc-6d14-44bb-9b2d-f9b3d04bb399,NA,20120901,,True
419,adb17470-ee14-4017-9121-2300b1e72a52,David,Todd,Berry,NA,Staff,ES,5301b8dc-6d14-44bb-9b2d-f9b3d04bb399,NA,20120901,,True
420,f4381e82-964c-4449-9128-0561fbc1775d,Nannie,Eugenia,Jasper,NA,Staff,ES,5301b8dc-6d14-44bb-9b2d-f9b3d04bb399,NA,20120901,,True
421,ec89de11-a195-4d13-9b56-41ccd1dd7903,Lani,,Rose,NA,Staff,ES,5301b8dc-6d14-44bb-9b2d-f9b3d04bb399,NA,20120901,,True
422,a5764995-8a08-4b2a-9a26-1e5ac3be73d4,George,,Gabriel,NA,Staff,ES,5301b8dc-6d14-44bb-9b2d-f9b3d04bb399,NA,20120901,,True
423,790c63e2-1a3c-4882-8c87-d6643baca8ef,James,Harold,Scholz,NA,Staff,ES,5301b8dc-6d14-44bb-9b2d-f9b3d04bb399,NA,20120901,,True
424,81dc68f1-2ded-44e5-8e05-97c276389783,Peter,Billy,Oaks,NA,Staff,ES,5301b8dc-6d14-44bb-9b2d-f9b3d04bb399,NA,20120901,,True
425,c3e0318f-775b-4da5-ba0d-fa81893b41d7,Lester,,Smith,NA,Staff,ES,5301b8dc-6d14-44bb-9b2d-f9b3d04bb399,NA,20120901,,True
426,d667464c-8ee7-4fc2-be38-f3b0351eeba5,Dorothy,,Pettry,NA,Staff,ES,5301b8dc-6d14-44bb-9b2d-f9b3d04bb399,NA,20120901,,True
427,b60acda6-d64b-420a-ac87-04269cc28d8c,Dora,,Lee,NA,Staff,ES,5301b8dc-6d14-44bb-9b2d-f9b3d04bb399,NA,20120901,,True
444,de01b92c-db49-4dc2-b1d8-550e161499e0,Roseanna,Jennifer,Tucker,NA,Staff,ES,9542f70c-8ab2-4c56-83d3-9e50081f8be8,NA,20120901,,True
445,2812bf74-90af-4a90-9aae-761c5fa0ef82,Melissa,,Kennedy,NA,Staff,ES,9542f70c-8ab2-4c56-83d3-9e50081f8be8,NA,20120901,,True
446,4c8b8fbd-a7a6-4417-8569-45ca4887d8f5,Marvin,Charles,Newton,NA,Staff,ES,9542f70c-8ab2-4c56-83d3-9e50081f8be8,NA,20120901,,True
447,f011294f-ad64-41a5-a09a-e65a275d3b95,Yer,,Hiles,NA,Staff,ES,9542f70c-8ab2-4c56-83d3-9e50081f8be8,NA,20120901,,True
448,62097097-f2b2-4881-b20d-676bdc27d920,Joe,Robert,Collins,NA,Staff,ES,9542f70c-8ab2-4c56-83d3-9e50081f8be8,NA,20120901,,True
449,11ffd415-be09-4746-b4f3-a0bc555a2120,John,Scott,Baylor,NA,Staff,ES,9542f70c-8ab2-4c56-83d3-9e50081f8be8,NA,20120901,,True
450,be84e5e4-05b9-445f-bc86-32b46908ae6d,Elizabeth,Amiee,Abrams,NA,Staff,ES,9542f70c-8ab2-4c56-83d3-9e50081f8be8,NA,20120901,,True
451,e3de9b2f-6221-45ef-abf9-ba305484b242,Barbara,,Watley,NA,Staff,ES,9542f70c-8ab2-4c56-83d3-9e50081f8be8,NA,20120901,,True
452,0b38ff91-6aba-43a8-bdf8-2540abc1d10c,Edna,,Mcwhorter,NA,Staff,ES,9542f70c-8ab2-4c56-83d3-9e50081f8be8,NA,20120901,,True
453,feeed0d8-75f4-472e-8aa3-6e8811bf0e85,Bridget,Anna,Wachter,NA,Staff,ES,9542f70c-8ab2-4c56-83d3-9e50081f8be8,NA,20120901,,True
470,d02ebef1-3215-4e3b-94e5-b73aaf4f1069,Dorothy,,Whitney,NA,Staff,ES,70b37e16-bda9-4464-9c7d-af2fc5e9e93e,NA,20120901,,True
471,5bffc5ee-7376-433d-af80-14920bbcde02,Kimberly,,Jones,NA,Staff,ES,70b37e16-bda9-4464-9c7d-af2fc5e9e93e,NA,20120901,,True
472,8a44b441-d536-4555-a103-b20bb1398ab1,Albert,Jack,Flores,NA,Staff,ES,70b37e16-bda9-4464-9c7d-af2fc5e9e93e,NA,20120901,,True
473,7bbfeb93-5dc4-4c86-b771-f9c185459b14,Kurt,Dan,Zhou,NA,Staff,ES,70b37e16-bda9-4464-9c7d-af2fc5e9e93e,NA,20120901,,True
474,b03d7ec7-dae0-4131-ba9a-ef68ed50abf7,Mindy,,Holloway,NA,Staff,ES,70b37e16-bda9-4464-9c7d-af2fc5e9e93e,NA,20120901,,True
475,8cea149b-db3f-43d9-876d-f9170584eb8f,Stanton,,Freeman,NA,Staff,ES,70b37e16-bda9-4464-9c7d-af2fc5e9e93e,NA,20120901,,True
476,44b2d8e1-34f4-45ff-b0cf-fa819d3aae43,Scott,,Duncan,NA,Staff,ES,70b37e16-bda9-4464-9c7d-af2fc5e9e93e,NA,20120901,,True
477,78ffa0fc-e36e-49ed-a6be-a92229073465,Alton,Bruce,Krell,NA,Staff,ES,70b37e16-bda9-4464-9c7d-af2fc5e9e93e,NA,20120901,,True
478,09e08473-6120-452a-a3f7-eda01cf84ebb,Charles,Kevin,Rager,NA,Staff,ES,70b37e16-bda9-4464-9c7d-af2fc5e9e93e,NA,20120901,,True
479,810529db-7094-4015-8bb3-98152187b650,Martin,William,Abell,NA,Staff,ES,70b37e16-bda9-4464-9c7d-af2fc5e9e93e,NA,20120901,,True
488,ecddd49f-5c3d-465d-9092-67778ff2f63d,Kathleen,,Wilson,NA,Staff,ES,411fd249-94f0-4b6d-b37a-a9cfd34188de,NA,20120901,,True
489,9ad26482-3f81-47ab-8ced-3c5e9e71573c,Jamie,,Newberry,NA,Staff,ES,411fd249-94f0-4b6d-b37a-a9cfd34188de,NA,20120901,,True
490,e06b6b50-599d-4fc8-9bb2-d8fcf1faf0e4,Louis,Floyd,Baker,NA,Staff,ES,411fd249-94f0-4b6d-b37a-a9cfd34188de,NA,20120901,,True
491,2d29b6e4-cce9-4a5e-be14-76f905822f29,Keith,Ramon,Murray,NA,Staff,ES,411fd249-94f0-4b6d-b37a-a9cfd34188de,NA,20120901,,True
492,0873459e-ceff-4057-ac7b-e90978e67c04,Maria,Melissa,Wallin,NA,Staff,ES,411fd249-94f0-4b6d-b37a-a9cfd34188de,NA,20120901,,True
493,b99b4dc8-f1fb-46c7-8345-9fcebcd3f34a,Ruby,Phyliss,Byrd,NA,Staff,ES,411fd249-94f0-4b6d-b37a-a9cfd34188de,NA,20120901,,True
494,7043ef78-47a8-4777-b1b3-6f008a0223f9,James,Thomas,Metzler,NA,Staff,ES,411fd249-94f0-4b6d-b37a-a9cfd34188de,NA,20120901,,True
495,873dfdb1-49e6-4d45-bae1-224be7f3354f,Louis,Alfred,Derr,NA,Staff,ES,411fd249-94f0-4b6d-b37a-a9cfd34188de,NA,20120901,,True
496,3b061fee-7615-4c96-8cb8-04167ce3cda6,Celestina,,Tondreau,NA,Staff,ES,411fd249-94f0-4b6d-b37a-a9cfd34188de,NA,20120901,,True
497,92e15365-8885-4194-b89e-526fe62c4624,Allen,,Pena,NA,Staff,ES,411fd249-94f0-4b6d-b37a-a9cfd34188de,NA,20120901,,True
506,5db7733c-c21c-4c03-9ae1-62128406ecfa,Anne,,Hunt,NA,Staff,ES,6987d82f-5d55-4255-9b8f-062777b9c5cd,NA,20120901,,True
507,3b147034-1296-4dc8-8a2b-53c9c65a9124,Joanne,,Walden,NA,Staff,ES,6987d82f-5d55-4255-9b8f-062777b9c5cd,NA,20120901,,True
508,efed79c6-4b59-4920-9405-dae0dc032abd,Mildred,Megan,King,NA,Staff,ES,6987d82f-5d55-4255-9b8f-062777b9c5cd,NA,20120901,,True
509,e1e02e87-dfba-41fb-a290-dc02e273c04f,Bernadette,Suzanne,Gillis,NA,Staff,ES,6987d82f-5d55-4255-9b8f-062777b9c5cd,NA,20120901,,True
510,b25727c4-817b-4360-a408-023ab099919a,Amelia,Annie,Bumgarner,NA,Staff,ES,6987d82f-5d55-4255-9b8f-062777b9c5cd,NA,20120901,,True
511,220842af-2b83-46f5-8b1b-23923609b6d2,William,Jose,Carr,NA,Staff,ES,6987d82f-5d55-4255-9b8f-062777b9c5cd,NA,20120901,,True
512,d8b5d445-832b-44f2-8ada-3319c790dad7,Glenn,,Sample,NA,Staff,ES,6987d82f-5d55-4255-9b8f-062777b9c5cd,NA,20120901,,True
513,948d6336-f55e-4292-9e1c-9a1ec3ea9555,Harry,,Murry,NA,Staff,ES,6987d82f-5d55-4255-9b8f-062777b9c5cd,NA,20120901,,True
514,6151d90b-ccd3-4f0a-8114-c11c6e892fe1,Herman,,Mcgeorge,NA,Staff,ES,6987d82f-5d55-4255-9b8f-062777b9c5cd,NA,20120901,,True
515,218dc098-02bb-4277-be12-507aca4b9eb8,Beverly,Florence,Gorman,NA,Staff,ES,6987d82f-5d55-4255-9b8f-062777b9c5cd,NA,20120901,,True
524,b34bd41d-3b5b-404a-a038-f6bd595b1437,Pearl,,Bomar,NA,Staff,ES,6a0123bc-1eee-469f-a199-40d1d4ffe39a,NA,20120901,,True
525,4de13ad8-3e73-4d76-a5ef-e1495d657391,Gordon,,Farris,NA,Staff,ES,6a0123bc-1eee-469f-a199-40d1d4ffe39a,NA,20120901,,True
526,4e1224f3-318f-4a4c-a021-396a49802924,Ashley,,Maddox,NA,Staff,ES,6a0123bc-1eee-469f-a199-40d1d4ffe39a,NA,20120901,,True
527,9c1ca7e9-3424-4606-aec3-28ae092473b4,Angel,,Cobb,NA,Staff,ES,6a0123bc-1eee-469f-a199-40d1d4ffe39a,NA,20120901,,True
528,0371daaa-e7a0-40e1-9f3a-f7688097c4e3,Rebecca,,Gobin,NA,Staff,ES,6a0123bc-1eee-469f-a199-40d1d4ffe39a,NA,20120901,,True
529,3b53c8d0-661e-4b94-a700-7b6c372b2ccb,Ruth,Katrina,Jackson,NA,Staff,ES,6a0123bc-1eee-469f-a199-40d1d4ffe39a,NA,20120901,,True
530,b3fd340e-e76d-44eb-a48f-24c641cdbd44,Brandon,,Glaser,NA,Staff,ES,6a0123bc-1eee-469f-a199-40d1d4ffe39a,NA,20120901,,True
531,16f78fec-7cc6-4e1e-b094-8c98f66faaec,Jennifer,Rachel,Hardy,NA,Staff,ES,6a0123bc-1eee-469f-a199-40d1d4ffe39a,NA,20120901,,True
532,21e6dafd-a38e-4c00-a1a8-eeebbab47625,Howard,Corey,Harrison,NA,Staff,ES,6a0123bc-1eee-469f-a199-40d1d4ffe39a,NA,20120901,,True
533,1af29800-3948-426f-847a-e5d2309f4341,Regina,,Mccollum,NA,Staff,ES,6a0123bc-1eee-469f-a199-40d1d4ffe39a,NA,20120901,,True
542,066343e5-c56d-42b8-a183-bd0545ce3f7a,William,,Peoples,NA,Staff,ES,fdaa169b-e711-4ff2-bb4c-b99b4bb08d6c,NA,20120901,,True
543,a06b31bf-7305-41b8-a7d8-69fe8dca26df,Gary,,Richmond,NA,Staff,ES,fdaa169b-e711-4ff2-bb4c-b99b4bb08d6c,NA,20120901,,True
544,ddf3ee2c-7653-42a1-be7d-9de78d46700b,Jennifer,Blanca,Jolliff,NA,Staff,ES,fdaa169b-e711-4ff2-bb4c-b99b4bb08d6c,NA,20120901,,True
545,ed836a84-b558-493b-a5e1-a6d69afaf370,Alma,,Corona,NA,Staff,ES,fdaa169b-e711-4ff2-bb4c-b99b4bb08d6c,NA,20120901,,True
546,0d6eafba-c221-45db-a3f2-ef67214a1212,Marylou,,Tucker,NA,Staff,ES,fdaa169b-e711-4ff2-bb4c-b99b4bb08d6c,NA,20120901,,True
547,4b082213-e319-4b80-937f-6980282d4b29,Madeline,,Hoosier,NA,Staff,ES,fdaa169b-e711-4ff2-bb4c-b99b4bb08d6c,NA,20120901,,True
548,0467af4c-47b7-4eae-8b3f-e83ce7ff4ea6,Roscoe,Gustavo,Williams,NA,Staff,ES,fdaa169b-e711-4ff2-bb4c-b99b4bb08d6c,NA,20120901,,True
549,b9f466b3-5f29-45d6-8af5-cd2217c5d4f2,Perry,,Fenimore,NA,Staff,ES,fdaa169b-e711-4ff2-bb4c-b99b4bb08d6c,NA,20120901,,True
550,f7f7ea56-f972-4623-9e27-07e9f8d2cf7b,Scott,Dylan,Olson,NA,Staff,ES,fdaa169b-e711-4ff2-bb4c-b99b4bb08d6c,NA,20120901,,True
551,6abe1958-adc4-43c4-bc68-7386c81168d7,James,,Paris,NA,Staff,ES,fdaa169b-e711-4ff2-bb4c-b99b4bb08d6c,NA,20120901,,True
560,da4b3615-3106-4a2a-aeaa-d04932ad5b6a,Sonya,,Huerta,NA,Staff,ES,8200f311-c81a-4a9b-b588-34ac8591b7f2,NA,20120901,,True
561,add6a9e0-412e-4d0a-9de7-e11db8637bc7,Mary,,Tsosie,NA,Staff,ES,8200f311-c81a-4a9b-b588-34ac8591b7f2,NA,20120901,,True
562,e4abacd1-8df9-4bb1-b417-f5d7b6c07a66,Pat,,Myers,NA,Staff,ES,8200f311-c81a-4a9b-b588-34ac8591b7f2,NA,20120901,,True
563,425201d7-9b8f-458e-99a6-682dc1797724,Kiera,,Mccalla,NA,Staff,ES,8200f311-c81a-4a9b-b588-34ac8591b7f2,NA,20120901,,True
564,a041ba24-02d3-4813-8ec7-ff2b3fb2eb75,Connie,Majorie,Dobson,NA,Staff,ES,8200f311-c81a-4a9b-b588-34ac8591b7f2,NA,20120901,,True
565,ef3e2327-7136-4e7b-99ce-a933856bfdce,Marie,,Curtis,NA,Staff,ES,8200f311-c81a-4a9b-b588-34ac8591b7f2,NA,20120901,,True
566,41a673a3-3c5c-4dea-a557-7d9322d2b1ac,Kelli,Connie,Watson,NA,Staff,ES,8200f311-c81a-4a9b-b588-34ac8591b7f2,NA,20120901,,True
567,c4df7649-b853-4396-b7c1-09e3a116fe6a,Grace,,Fisher,NA,Staff,ES,8200f311-c81a-4a9b-b588-34ac8591b7f2,NA,20120901,,True
568,f8c18dc8-b847-4b0d-a389-71bcc22199bc,Peggy,Jennifer,Camacho,NA,Staff,ES,8200f311-c81a-4a9b-b588-34ac8591b7f2,NA,20120901,,True
569,bca4d215-4e03-42a7-a9e5-205d2a866764,Eric,,Alvarez,NA,Staff,ES,8200f311-c81a-4a9b-b588-34ac8591b7f2,NA,20120901,,True
578,4d518c74-145f-44d2-842c-ba8e7e15cdb9,Jason,,Dunning,NA,Staff,ES,9b37aba9-76a8-4391-a075-753ad802478e,NA,20120901,,True
579,1a8d6bb1-9824-48f9-b74f-3e52e1a3b793,Mark,Alexander,Reynosa,NA,Staff,ES,9b37aba9-76a8-4391-a075-753ad802478e,NA,20120901,,True
580,8aaed9e5-35d2-43ac-b103-67cb2215399b,Joan,Deborah,Guerrera,NA,Staff,ES,9b37aba9-76a8-4391-a075-753ad802478e,NA,20120901,,True
581,843fcc65-20ec-43ba-9484-d624de69fac1,Deeann,,Woods,NA,Staff,ES,9b37aba9-76a8-4391-a075-753ad802478e,NA,20120901,,True
582,5edb8bba-3967-4d10-87b0-f5edcc005259,Anna,Roselyn,Weatherby,NA,Staff,ES,9b37aba9-76a8-4391-a075-753ad802478e,NA,20120901,,True
583,c30d005e-8bec-420a-85ee-94c19878846d,Floyd,,Donald,NA,Staff,ES,9b37aba9-76a8-4391-a075-753ad802478e,NA,20120901,,True
584,33584ccc-0e9e-47be-97e3-2117e0ac465f,Kenneth,Richard,Gibbs,NA,Staff,ES,9b37aba9-76a8-4391-a075-753ad802478e,NA,20120901,,True
585,faf9d7d3-dccf-46cd-ae62-a608bb651d66,Terry,Maybell,Lyon,NA,Staff,ES,9b37aba9-76a8-4391-a075-753ad802478e,NA,20120901,,True
586,a167a002-2b69-4e86-8044-8fac681dbbe5,Steve,,Witzel,NA,Staff,ES,9b37aba9-76a8-4391-a075-753ad802478e,NA,20120901,,True
587,8782137e-cc6c-4d07-a05b-078c56444c1f,Gary,,Williams,NA,Staff,ES,9b37aba9-76a8-4391-a075-753ad802478e,NA,20120901,,True
596,3fe0044d-70a2-4639-bea2-0dd9040d9b05,Billie,Joyce,Kincade,NA,Staff,ES,cbd7538a-1292-482e-a97e-7f2fce6647e2,NA,20120901,,True
597,c861a46e-f2eb-4396-a5ea-d9b52090751b,Ernest,,Keo,NA,Staff,ES,cbd7538a-1292-482e-a97e-7f2fce6647e2,NA,20120901,,True
598,f611cd41-1c45-424b-9f75-6335a481f8d1,Charles,,Ortega,NA,Staff,ES,cbd7538a-1292-482e-a97e-7f2fce6647e2,NA,20120901,,True
599,2b95c8d0-52de-4bd9-8533-af75d3f638a5,Nathan,,Hobart,NA,Staff,ES,cbd7538a-1292-482e-a97e-7f2fce6647e2,NA,20120901,,True
600,29f92f02-57fb-4a02-b755-732c11520e35,Paul,Travis,Huntington,NA,Staff,ES,cbd7538a-1292-482e-a97e-7f2fce6647e2,NA,20120901,,True
601,439cac6d-1e80-415d-9ac0-581750b71c3b,Maureen,Mary,Hilliard,NA,Staff,ES,cbd7538a-1292-482e-a97e-7f2fce6647e2,NA,20120901,,True
602,c8d720f1-6dd9-42ec-875e-1bc26629d3bd,Stacy,Lissa,Weiner,NA,Staff,ES,cbd7538a-1292-482e-a97e-7f2fce6647e2,NA,20120901,,True
603,b5aa818d-a279-42c1-ac76-6043e2aaa3cf,Alton,Nicholas,Bodden,NA,Staff,ES,cbd7538a-1292-482e-a97e-7f2fce6647e2,NA,20120901,,True
604,c07f90d9-9ffe-425d-875e-b23d3a178ea9,Rick,,Nadeau,NA,Staff,ES,cbd7538a-1292-482e-a97e-7f2fce6647e2,NA,20120901,,True
605,445987f9-18e2-4dd7-934b-bc32974e911d,Kristina,Patricia,Tijerina,NA,Staff,ES,cbd7538a-1292-482e-a97e-7f2fce6647e2,NA,20120901,,True
614,d8a921c9-171f-4632-911e-f2a39b1a03c9,William,Michael,Sheppard,NA,Staff,ES,97dcb1cb-3077-4629-b598-e4a39f857e9a,NA,20120901,,True
615,85339def-9247-4139-91d7-3a40e350d9b2,Aisha,Joshua,Goldfarb,NA,Staff,ES,97dcb1cb-3077-4629-b598-e4a39f857e9a,NA,20120901,,True
616,ae592714-d05d-4834-b524-173eda541f8c,Thomas,Danny,Ashlock,NA,Staff,ES,97dcb1cb-3077-4629-b598-e4a39f857e9a,NA,20120901,,True
617,69fd3142-b123-47a6-b44a-818bb2a7ad85,Christine,,Royce,NA,Staff,ES,97dcb1cb-3077-4629-b598-e4a39f857e9a,NA,20120901,,True
618,2d130151-0799-4fc1-8d8c-fe8828da74e6,Kristin,,Tressler,NA,Staff,ES,97dcb1cb-3077-4629-b598-e4a39f857e9a,NA,20120901,,True
619,1d895954-a246-4c3d-8a16-82787a99b14a,Allan,,Perez,NA,Staff,ES,97dcb1cb-3077-4629-b598-e4a39f857e9a,NA,20120901,,True
620,55d05926-795e-48f3-a7fe-8b1127e2baa2,Annmarie,Doris,Oneal,NA,Staff,ES,97dcb1cb-3077-4629-b598-e4a39f857e9a,NA,20120901,,True
621,74db7c07-101e-4637-bca8-b4f8917cb2db,Leona,Blanca,Follmer,NA,Staff,ES,97dcb1cb-3077-4629-b598-e4a39f857e9a,NA,20120901,,True
622,fd65dd59-dc79-461d-bbf3-cf6b17659688,Barry,,Garrow,NA,Staff,ES,97dcb1cb-3077-4629-b598-e4a39f857e9a,NA,20120901,,True
623,f2177e81-7555-4c1b-ad36-6c46c465fb9f,Leonardo,Charles,Jean,NA,Staff,ES,97dcb1cb-3077-4629-b598-e4a39f857e9a,NA,20120901,,True
632,cc13e799-4aaf-451a-b8ee-7b504c4cd46e,Fred,Michael,Dube,NA,Staff,ES,bf327226-bcb1-4d61-b0ee-f43418032940,NA,20120901,,True
633,5e8bc8b4-53a9-472a-92b9-5d38355f9a30,Betty,Kathleen,Wood,NA,Staff,ES,bf327226-bcb1-4d61-b0ee-f43418032940,NA,20120901,,True
634,fe4cb7ee-ff07-4c30-aa42-763f2c3295fa,Gail,,Bruce,NA,Staff,ES,bf327226-bcb1-4d61-b0ee-f43418032940,NA,20120901,,True
635,14dadba4-79f0-4ab4-a4e0-eb63b2399a1e,Katherine,,Rodriguez,NA,Staff,ES,bf327226-bcb1-4d61-b0ee-f43418032940,NA,20120901,,True
636,79353819-ec7e-4ab2-9a7e-a4f247ac0b4a,Gary,Gary,Loveless,NA,Staff,ES,bf327226-bcb1-4d61-b0ee-f43418032940,NA,20120901,,True
637,f5fa7d07-e30f-4fdd-961b-138af59c18e5,William,,Blandford,NA,Staff,ES,bf327226-bcb1-4d61-b0ee-f43418032940,NA,20120901,,True
638,ca2d4e91-d432-4ac1-b008-242060e8d456,John,William,Durden,NA,Staff,ES,bf327226-bcb1-4d61-b0ee-f43418032940,NA,20120901,,True
639,2801518b-98cf-4b79-9e75-5bcc6562c1c8,Jamie,Jose,Rideout,NA,Staff,ES,bf327226-bcb1-4d61-b0ee-f43418032940,NA,20120901,,True
640,6c7cd31d-b97f-48bf-973c-a89d3bbfab63,Jason,Leo,Seifert,NA,Staff,ES,bf327226-bcb1-4d61-b0ee-f43418032940,NA,20120901,,True
641,b567f597-d1fa-490f-a4cd-f4ca3b0ad9bb,Donald,Kenneth,Brace,NA,Staff,ES,bf327226-bcb1-4d61-b0ee-f43418032940,NA,20120901,,True
650,5237be01-818c-4f93-b6fc-b793f9aa52c4,Lillie,Virginia,Edwards,NA,Staff,ES,c8114f3f-6e5c-438a-ab74-293efeddf4f2,NA,20120901,,True
651,001bd5e5-2304-4c6e-82c1-9393a4ad14af,Frank,Travis,Pantoja,NA,Staff,ES,c8114f3f-6e5c-438a-ab74-293efeddf4f2,NA,20120901,,True
652,b9076ac1-f152-4845-a76f-6c00c2d0b450,Hedy,Betty,Ray,NA,Staff,ES,c8114f3f-6e5c-438a-ab74-293efeddf4f2,NA,20120901,,True
653,d50cda0c-dc27-4c10-9241-56cac537e782,Lois,,Welsh,NA,Staff,ES,c8114f3f-6e5c-438a-ab74-293efeddf4f2,NA,20120901,,True
654,b8ccd8e5-aa6a-4c0f-b5a1-7998a5023f52,Bernice,,Johnson,NA,Staff,ES,c8114f3f-6e5c-438a-ab74-293efeddf4f2,NA,20120901,,True
655,ced75ee2-e15c-4cbb-9ae0-d37292dbf5bf,Matthew,,Tellez,NA,Staff,ES,c8114f3f-6e5c-438a-ab74-293efeddf4f2,NA,20120901,,True
656,6d12dffc-8c15-46e2-a04c-8f686991f776,Arthur,Anthony,Whitaker,NA,Staff,ES,c8114f3f-6e5c-438a-ab74-293efeddf4f2,NA,20120901,,True
657,2d88a1f0-61e7-4175-8443-0dfc67256969,Kimberly,,Avery,NA,Staff,ES,c8114f3f-6e5c-438a-ab74-293efeddf4f2,NA,20120901,,True
658,b04e9c7c-25cc-4610-b2e7-1f031c9b1eba,Cheryl,Stacie,Watts,NA,Staff,ES,c8114f3f-6e5c-438a-ab74-293efeddf4f2,NA,20120901,,True
659,bf5df1fa-bf68-40d6-913f-e0626c58a9a3,George,Ian,Jamar,NA,Staff,ES,c8114f3f-6e5c-438a-ab74-293efeddf4f2,NA,20120901,,True
668,25e3bb79-a4c6-467c-b193-fb7eb2bb3a21,Elizabeth,,Girard,NA,Staff,ES,be19f814-9f9a-476f-9e7f-19746d5ac5b9,NA,20120901,,True
669,cbb1db59-12f3-4b0d-b5a9-943b7bd15e23,John,,Baker,NA,Staff,ES,be19f814-9f9a-476f-9e7f-19746d5ac5b9,NA,20120901,,True
670,762fa238-d705-443b-8311-a86e92254f00,Nathan,Harry,Johnson,NA,Staff,ES,be19f814-9f9a-476f-9e7f-19746d5ac5b9,NA,20120901,,True
671,4d195267-0f0c-4940-b97b-ba473c842c6a,Lewis,,Lucht,NA,Staff,ES,be19f814-9f9a-476f-9e7f-19746d5ac5b9,NA,20120901,,True
672,09f9442b-8ba7-4ad5-aeb2-3c4cb5b26cd7,Norman,,Blakeley,NA,Staff,ES,be19f814-9f9a-476f-9e7f-19746d5ac5b9,NA,20120901,,True
673,8977a9e3-41c6-4d00-8a8c-d6016dcb42be,Kathleen,,Summers,NA,Staff,ES,be19f814-9f9a-476f-9e7f-19746d5ac5b9,NA,20120901,,True
674,faae5916-fe4e-426c-b73a-f27e90205275,Frances,,Murray,NA,Staff,ES,be19f814-9f9a-476f-9e7f-19746d5ac5b9,NA,20120901,,True
675,f9c8849f-8d61-48d0-af91-da4ae62e5814,Corey,Robert,Cantu,NA,Staff,ES,be19f814-9f9a-476f-9e7f-19746d5ac5b9,NA,20120901,,True
676,08b341f2-853e-4a0d-9fea-ddd9d196340f,Daniel,,Silva,NA,Staff,ES,be19f814-9f9a-476f-9e7f-19746d5ac5b9,NA,20120901,,True
677,98a515b0-13fb-47f7-b43a-2c3f27515ac1,Roberto,,Cisneros,NA,Staff,ES,be19f814-9f9a-476f-9e7f-19746d5ac5b9,NA,20120901,,True
686,f7bd4acb-74b6-41cd-84d8-245663c4d570,Patricia,Joyce,Copenhaver,NA,Staff,ES,5b09dc8f-27c6-43e8-8ab1-cbb8373de014,NA,20120901,,True
687,0738b827-3426-45f6-b360-dbf8609f318e,Carolyn,Shannon,Gonzalez,NA,Staff,ES,5b09dc8f-27c6-43e8-8ab1-cbb8373de014,NA,20120901,,True
688,314ffb37-c575-4c28-afdb-1df012067857,Ryan,Arthur,Nunez,NA,Staff,ES,5b09dc8f-27c6-43e8-8ab1-cbb8373de014,NA,20120901,,True
689,6c2f825f-2877-4c6f-9fc0-d0619cf80d51,Florine,,Mclaughlin,NA,Staff,ES,5b09dc8f-27c6-43e8-8ab1-cbb8373de014,NA,20120901,,True
690,a4f675a0-e223-49a4-8f36-b3c4262de9d4,Noel,Arthur,Goddard,NA,Staff,ES,5b09dc8f-27c6-43e8-8ab1-cbb8373de014,NA,20120901,,True
691,d0b38402-84df-4147-badf-26828fea054f,Leigh,Pamela,Crisp,NA,Staff,ES,5b09dc8f-27c6-43e8-8ab1-cbb8373de014,NA,20120901,,True
692,e0731b80-7e2d-46e5-8620-2fbdaae06b4a,Allison,Peggy,Anderson,NA,Staff,ES,5b09dc8f-27c6-43e8-8ab1-cbb8373de014,NA,20120901,,True
693,061c9075-f294-4640-aac9-5e3249654e51,Linda,,Looney,NA,Staff,ES,5b09dc8f-27c6-43e8-8ab1-cbb8373de014,NA,20120901,,True
694,a84e8960-4c85-46f9-9286-127c46903e94,John,,Gilliland,NA,Staff,ES,5b09dc8f-27c6-43e8-8ab1-cbb8373de014,NA,20120901,,True
695,89d5e3ba-b761-4994-8fbc-71952ffe612f,Charles,,Lunn,NA,Staff,ES,5b09dc8f-27c6-43e8-8ab1-cbb8373de014,NA,20120901,,True
704,fce4911e-6144-45a8-84ba-da981fd4c9ec,Rhonda,Debra,Courtney,NA,Staff,ES,b39d21f5-5327-4725-a904-c6d9ac837a3b,NA,20120901,,True
705,0e1aec84-21fb-44a5-9bbd-07386525c2dd,Thomas,,Morris,NA,Staff,ES,b39d21f5-5327-4725-a904-c6d9ac837a3b,NA,20120901,,True
706,91034372-b157-4caa-b5df-9266435c4d30,Duane,,Woodworth,NA,Staff,ES,b39d21f5-5327-4725-a904-c6d9ac837a3b,NA,20120901,,True
707,f0df9f22-9802-4ddf-83a8-548be4c97626,Ciara,Mildred,Andujar,NA,Staff,ES,b39d21f5-5327-4725-a904-c6d9ac837a3b,NA,20120901,,True
708,0f957570-c3b8-4695-8c3e-442bf9d3f558,Kevin,Israel,Ragland,NA,Staff,ES,b39d21f5-5327-4725-a904-c6d9ac837a3b,NA,20120901,,True
709,3140b642-fe88-4689-819c-c9996d6c4f62,Cheryl,June,Pulliam,NA,Staff,ES,b39d21f5-5327-4725-a904-c6d9ac837a3b,NA,20120901,,True
710,46e7f02c-d163-4f89-bacb-0f407a50591f,Thomas,,Bonner,NA,Staff,ES,b39d21f5-5327-4725-a904-c6d9ac837a3b,NA,20120901,,True
711,7840d7e5-ccb9-44cc-be51-ab82b96dfef6,Aaron,,Neal,NA,Staff,ES,b39d21f5-5327-4725-a904-c6d9ac837a3b,NA,20120901,,True
712,908cd493-ed2d-4959-bff2-c1c22d9dd1bf,Shari,Desiree,Hansen,NA,Staff,ES,b39d21f5-5327-4725-a904-c6d9ac837a3b,NA,20120901,,True
713,8e41ce9e-d242-4904-9e4c-4cd02cfa5f46,Richard,,Hammond,NA,Staff,ES,b39d21f5-5327-4725-a904-c6d9ac837a3b,NA,20120901,,True
722,a70d5d36-0a4c-4f93-a3c9-92e3078763a6,Kelly,Cynthia,Fuentes,NA,Staff,ES,e95f5954-339c-495d-83ce-81dfda64b119,NA,20120901,,True
723,3249ef57-1a63-4247-a47a-107a5092c669,Patricia,Lois,Mata,NA,Staff,ES,e95f5954-339c-495d-83ce-81dfda64b119,NA,20120901,,True
724,63f1d15b-ecc4-4f7c-9e05-1478c4a78d09,Carolyn,,Reyes,NA,Staff,ES,e95f5954-339c-495d-83ce-81dfda64b119,NA,20120901,,True
725,c8c0c250-6f6b-44ca-9171-5eec8215fb1d,Floyd,Lester,Harvey,NA,Staff,ES,e95f5954-339c-495d-83ce-81dfda64b119,NA,20120901,,True
726,e03758ab-8149-41af-9c21-62109f6f0955,Daniel,Kenneth,Bertram,NA,Staff,ES,e95f5954-339c-495d-83ce-81dfda64b119,NA,20120901,,True
727,995fd657-d873-4e8a-891a-6a03549fcefc,Cynthia,,Jones,NA,Staff,ES,e95f5954-339c-495d-83ce-81dfda64b119,NA,20120901,,True
728,39923aca-463e-41d5-b3d3-b01f24a1154e,Helen,,Fahy,NA,Staff,ES,e95f5954-339c-495d-83ce-81dfda64b119,NA,20120901,,True
729,bd214817-528c-4f6d-8409-9fb0a2af0b12,Brian,Bruce,Barrett,NA,Staff,ES,e95f5954-339c-495d-83ce-81dfda64b119,NA,20120901,,True
730,1b63e40a-b2f9-47c1-8cf4-e73b80f69366,John,,Meyer,NA,Staff,ES,e95f5954-339c-495d-83ce-81dfda64b119,NA,20120901,,True
731,2db241a3-1a6d-44f5-9a7d-a4b79def930b,Kenneth,,Bowen,NA,Staff,ES,e95f5954-339c-495d-83ce-81dfda64b119,NA,20120901,,True
740,30eb2910-15f5-43ce-97e1-7cf87b4d673b,Gertrude,,Kim,NA,Staff,ES,671bc174-4675-4ad6-985c-c4aa76348d29,NA,20120901,,True
741,675dcd86-902d-46ed-be73-a6c51e970e70,Terry,,Diaz,NA,Staff,ES,671bc174-4675-4ad6-985c-c4aa76348d29,NA,20120901,,True
742,bd316f99-bb47-4469-b119-58c7627cdb60,Sharon,Anna,Martinez,NA,Staff,ES,671bc174-4675-4ad6-985c-c4aa76348d29,NA,20120901,,True
743,acf992b7-05b5-4568-9abd-f50fb8fd6fe1,Mary,Jenna,Paynter,NA,Staff,ES,671bc174-4675-4ad6-985c-c4aa76348d29,NA,20120901,,True
744,9e2529f8-af57-4cf2-8ec5-3ae8a93f26da,Melinda,Jeannette,Lucero,NA,Staff,ES,671bc174-4675-4ad6-985c-c4aa76348d29,NA,20120901,,True
745,4b919d8f-d8d9-4c93-b1be-75ab2d244253,Mattie,Bessie,Pereyra,NA,Staff,ES,671bc174-4675-4ad6-985c-c4aa76348d29,NA,20120901,,True
746,b92fe83e-cd15-4093-a206-7d02c88a3427,Curtis,,Green,NA,Staff,ES,671bc174-4675-4ad6-985c-c4aa76348d29,NA,20120901,,True
747,a23aee73-d4e6-4508-bb64-82a051ffc5fc,James,Carlos,Thomason,NA,Staff,ES,671bc174-4675-4ad6-985c-c4aa76348d29,NA,20120901,,True
748,f214ca62-8698-4650-8360-3c96b3a0d48d,Kenneth,Glenn,Edwards,NA,Staff,ES,671bc174-4675-4ad6-985c-c4aa76348d29,NA,20120901,,True
749,fb4a7401-7a63-4305-951b-e532aa1bd37d,Richard,,Hanna,NA,Staff,ES,671bc174-4675-4ad6-985c-c4aa76348d29,NA,20120901,,True
758,c30bc5b3-12a9-4c38-9ec5-cd83958347f6,Oscar,,Machado,NA,Staff,ES,d8f5aa83-0859-44a1-a272-9fd96b6e6b89,NA,20120901,,True
759,51cf6518-1956-480c-9f46-49ccabf28384,Sheri,,Farrell,NA,Staff,ES,d8f5aa83-0859-44a1-a272-9fd96b6e6b89,NA,20120901,,True
760,7de29091-3340-4e35-9c79-20d7f42c4b38,Linda,,Harada,NA,Staff,ES,d8f5aa83-0859-44a1-a272-9fd96b6e6b89,NA,20120901,,True
761,1c059ede-2afe-429b-86df-e41d2fa0ceb2,Theresa,,Earwood,NA,Staff,ES,d8f5aa83-0859-44a1-a272-9fd96b6e6b89,NA,20120901,,True
762,194839e6-f659-44c1-a9da-e4bbfff4aa3e,Gonzalo,Bob,Ford,NA,Staff,ES,d8f5aa83-0859-44a1-a272-9fd96b6e6b89,NA,20120901,,True
763,875e84fd-2208-4f5c-92b0-9266bc4f043a,Jose,Daryl,Davis,NA,Staff,ES,d8f5aa83-0859-44a1-a272-9fd96b6e6b89,NA,20120901,,True
764,8dea8b7f-6be0-4171-8503-134ab5ab65f1,Susan,,Friedel,NA,Staff,ES,d8f5aa83-0859-44a1-a272-9fd96b6e6b89,NA,20120901,,True
765,a8a16dc0-81fd-4edb-bebe-d7b4ba43111d,Melissa,,Harkness,NA,Staff,ES,d8f5aa83-0859-44a1-a272-9fd96b6e6b89,NA,20120901,,True
766,93726628-1e01-46aa-8f3c-06587b969d20,Cynthia,,Williams,NA,Staff,ES,d8f5aa83-0859-44a1-a272-9fd96b6e6b89,NA,20120901,,True
767,a8817bf4-bf84-49e3-bdb3-6c6c4ed1816c,Steven,,Marshall,NA,Staff,ES,d8f5aa83-0859-44a1-a272-9fd96b6e6b89,NA,20120901,,True
776,868b37a7-fad3-49cf-bb87-ac4f42ea26ee,Cecil,,Collette,NA,Staff,ES,7040bf3d-51d5-40be-9895-f4afe18b188d,NA,20120901,,True
777,0b88bbb2-5768-414a-8ebb-5b9ecde616a3,Herbert,Gene,Mann,NA,Staff,ES,7040bf3d-51d5-40be-9895-f4afe18b188d,NA,20120901,,True
778,cf614180-5028-4e58-8f05-74814a423fa0,Diana,,Hutson,NA,Staff,ES,7040bf3d-51d5-40be-9895-f4afe18b188d,NA,20120901,,True
779,73f986d0-c65e-40bc-aeae-5b8af127ea9d,Anthony,,Higgins,NA,Staff,ES,7040bf3d-51d5-40be-9895-f4afe18b188d,NA,20120901,,True
780,1403cfc6-b8c3-4b7e-a321-75e296efe69d,Fred,,Naylor,NA,Staff,ES,7040bf3d-51d5-40be-9895-f4afe18b188d,NA,20120901,,True
781,affafcbe-ea7b-458f-9408-be824e24a952,Robert,David,Sanborn,NA,Staff,ES,7040bf3d-51d5-40be-9895-f4afe18b188d,NA,20120901,,True
782,8ecef7ed-0327-4293-8a83-579bb010c95e,Salome,,Bonner,NA,Staff,ES,7040bf3d-51d5-40be-9895-f4afe18b188d,NA,20120901,,True
783,7053b366-e21d-4e6f-8750-5106a6a75abc,Roy,,Jagger,NA,Staff,ES,7040bf3d-51d5-40be-9895-f4afe18b188d,NA,20120901,,True
784,0047975f-be4e-4432-9e64-c14a305efd9e,Carrie,,Murakami,NA,Staff,ES,7040bf3d-51d5-40be-9895-f4afe18b188d,NA,20120901,,True
785,566f1b00-99f0-48dc-8329-90b77a8d10fb,Kathleen,,Napier,NA,Staff,ES,7040bf3d-51d5-40be-9895-f4afe18b188d,NA,20120901,,True
794,3d3ce00a-f786-43ba-a27e-886cc1a1caff,Sharon,,Walker,NA,Staff,ES,d5679e8c-94e5-497a-950f-9744750b9903,NA,20120901,,True
795,07908336-ff64-416b-8de7-80abb05a2418,Mamie,,Smith,NA,Staff,ES,d5679e8c-94e5-497a-950f-9744750b9903,NA,20120901,,True
796,5cbbd51d-7653-49b9-b12f-36b136d8a092,Glenn,,Moore,NA,Staff,ES,d5679e8c-94e5-497a-950f-9744750b9903,NA,20120901,,True
797,b1792454-ed07-4970-8756-1e77627ee578,Carolyn,Louise,Williamson,NA,Staff,ES,d5679e8c-94e5-497a-950f-9744750b9903,NA,20120901,,True
798,c6786677-fe00-47f7-aa5b-02e24dfb5cda,Judith,Ramona,Virgil,NA,Staff,ES,d5679e8c-94e5-497a-950f-9744750b9903,NA,20120901,,True
799,13ef1db6-27ac-4686-a3cd-db803ffd53e5,Jimmy,,Dix,NA,Staff,ES,d5679e8c-94e5-497a-950f-9744750b9903,NA,20120901,,True
800,bc536176-b92e-4f71-b5c3-9e6c248224b3,Amy,,Cain,NA,Staff,ES,d5679e8c-94e5-497a-950f-9744750b9903,NA,20120901,,True
801,d416bb06-5ace-46ef-827b-ceec490bab9e,Michael,,Gray,NA,Staff,ES,d5679e8c-94e5-497a-950f-9744750b9903,NA,20120901,,True
802,629971b1-f4c9-494e-a676-40796a2186e7,Richard,,Banks,NA,Staff,ES,d5679e8c-94e5-497a-950f-9744750b9903,NA,20120901,,True
803,b75548ef-273c-4acd-92af-5345e8fb2a3d,William,,Politte,NA,Staff,ES,d5679e8c-94e5-497a-950f-9744750b9903,NA,20120901,,True
812,cd187876-d1cc-40d5-b42b-a16388555971,Andrea,,Robertson,NA,Staff,ES,8d6ccdf6-eb52-43b8-bdaf-bf71c4dd119f,NA,20120901,,True
813,d54ff6c9-09db-4be5-b9c8-796805430c75,Darrell,Angel,Farish,NA,Staff,ES,8d6ccdf6-eb52-43b8-bdaf-bf71c4dd119f,NA,20120901,,True
814,73eceec7-4ae0-4ad6-9fc5-b343b7645493,Linda,,Thomas,NA,Staff,ES,8d6ccdf6-eb52-43b8-bdaf-bf71c4dd119f,NA,20120901,,True
815,28f63034-a6d4-49c3-a97c-7cb8bf2575f9,Jose,,Burks,NA,Staff,ES,8d6ccdf6-eb52-43b8-bdaf-bf71c4dd119f,NA,20120901,,True
816,b5966e05-381a-4136-8bc8-39890e070e31,George,,Bowser,NA,Staff,ES,8d6ccdf6-eb52-43b8-bdaf-bf71c4dd119f,NA,20120901,,True
817,64048d7b-e175-4af1-88e3-06706d970b81,Leighann,Anne,Rogers,NA,Staff,ES,8d6ccdf6-eb52-43b8-bdaf-bf71c4dd119f,NA,20120901,,True
818,a3acf0c0-1cb7-4b81-bedf-eb475d5003f8,Charles,,Daugherty,NA,Staff,ES,8d6ccdf6-eb52-43b8-bdaf-bf71c4dd119f,NA,20120901,,True
819,5d8b1376-1cf2-492b-9100-94523ec42cc8,Pearl,Patricia,Fisher,NA,Staff,ES,8d6ccdf6-eb52-43b8-bdaf-bf71c4dd119f,NA,20120901,,True
820,5277ca9e-c3f0-4926-830f-d3e1ab7e4e39,Everett,,Adorno,NA,Staff,ES,8d6ccdf6-eb52-43b8-bdaf-bf71c4dd119f,NA,20120901,,True
821,1d7c7ab0-b491-4172-9993-4c55410ddadd,Christy,,Colston,NA,Staff,ES,8d6ccdf6-eb52-43b8-bdaf-bf71c4dd119f,NA,20120901,,True
830,29a96fd3-1b55-40ff-9216-76800cb3a93d,William,Johnathan,Dickinson,NA,Staff,ES,f8870ab3-cac8-40c2-818d-01c47cab2198,NA,20120901,,True
831,3cc5fa2e-d189-48b5-be6c-733e2c0fde39,Juan,,Sisneros,NA,Staff,ES,f8870ab3-cac8-40c2-818d-01c47cab2198,NA,20120901,,True
832,d9547000-71d2-44fc-a8e4-c26cba303969,Jennifer,Barbara,Rogers,NA,Staff,ES,f8870ab3-cac8-40c2-818d-01c47cab2198,NA,20120901,,True
833,e6141589-6409-4a7a-b200-b00c94b6a6a7,Barbara,Carolee,Poe,NA,Staff,ES,f8870ab3-cac8-40c2-818d-01c47cab2198,NA,20120901,,True
834,d3784d35-50b0-44f0-8395-bb7b96b5db5e,Sheena,Donna,Montana,NA,Staff,ES,f8870ab3-cac8-40c2-818d-01c47cab2198,NA,20120901,,True
835,026ba23f-b9e4-44ab-be4f-6b6aca565293,Renee,,Blass,NA,Staff,ES,f8870ab3-cac8-40c2-818d-01c47cab2198,NA,20120901,,True
836,4091c8eb-5602-4e83-a40a-37ccf946e23a,Robert,Javier,Ly,NA,Staff,ES,f8870ab3-cac8-40c2-818d-01c47cab2198,NA,20120901,,True
837,a78768a9-aba3-47fd-b966-fb8afc0af285,Margaretta,,Tucker,NA,Staff,ES,f8870ab3-cac8-40c2-818d-01c47cab2198,NA,20120901,,True
838,b5040103-bfe7-491a-9d4f-8886ea559751,Leah,,Anderson,NA,Staff,ES,f8870ab3-cac8-40c2-818d-01c47cab2198,NA,20120901,,True
839,25c1c3f1-d136-44a0-b3f9-8529a2165077,Erika,,Rhinehart,NA,Staff,ES,f8870ab3-cac8-40c2-818d-01c47cab2198,NA,20120901,,True
848,c5e1a638-0d23-4c32-8293-3794cf3e8a1d,Joseph,Donald,Herrera,NA,Staff,ES,7639697e-92d0-49ed-b724-9675d26503b2,NA,20120901,,True
849,0fd77d44-be5a-4a75-85e8-3a370f21c8f7,Viola,,Schmidt,NA,Staff,ES,7639697e-92d0-49ed-b724-9675d26503b2,NA,20120901,,True
850,f29aaa82-b56f-481f-af19-a28d10a61d6a,Donald,,Dehner,NA,Staff,ES,7639697e-92d0-49ed-b724-9675d26503b2,NA,20120901,,True
851,a55cbb88-b276-4036-b241-6478df86db12,Dusty,John,Brady,NA,Staff,ES,7639697e-92d0-49ed-b724-9675d26503b2,NA,20120901,,True
852,d5ff9e81-13d7-4d78-aea5-2966d4108502,Toni,Connie,Hafner,NA,Staff,ES,7639697e-92d0-49ed-b724-9675d26503b2,NA,20120901,,True
853,1346a231-d59b-45de-b48b-60682ab9f491,Tamara,,Ballinger,NA,Staff,ES,7639697e-92d0-49ed-b724-9675d26503b2,NA,20120901,,True
854,efa76869-8225-4c28-baa0-f4097bf07709,Charles,Charles,Crooks,NA,Staff,ES,7639697e-92d0-49ed-b724-9675d26503b2,NA,20120901,,True
855,a586f492-6ba1-408a-8121-415e0063e725,Christina,Becky,Yount,NA,Staff,ES,7639697e-92d0-49ed-b724-9675d26503b2,NA,20120901,,True
856,f810b721-1494-468b-bba1-9b7d09a55bfb,George,William,Finn,NA,Staff,ES,7639697e-92d0-49ed-b724-9675d26503b2,NA,20120901,,True
857,c42664d4-5155-4446-9cdc-96c20c79a731,Robert,,Pritchard,NA,Staff,ES,7639697e-92d0-49ed-b724-9675d26503b2,NA,20120901,,True
866,d48edea3-2a6c-4f73-9bc7-5b19905fee13,James,,Mcghee,NA,Staff,ES,71863be6-2fff-4e9f-9375-6aa3030aedb6,NA,20120901,,True
867,f16b1b45-7dd5-451d-8a80-99771b8dd683,Walter,,Clatterbuck,NA,Staff,ES,71863be6-2fff-4e9f-9375-6aa3030aedb6,NA,20120901,,True
868,2af141f7-ad21-4a10-a07e-6aee6b57b1b3,Sylvia,,Hanchett,NA,Staff,ES,71863be6-2fff-4e9f-9375-6aa3030aedb6,NA,20120901,,True
869,b8b2f569-27f0-414a-b3d4-b0f8ba5a929c,Larry,Timothy,Anderson,NA,Staff,ES,71863be6-2fff-4e9f-9375-6aa3030aedb6,NA,20120901,,True
870,e824e96f-0d8f-4e21-a047-8dab30bab252,Pamela,,Mcmanus,NA,Staff,ES,71863be6-2fff-4e9f-9375-6aa3030aedb6,NA,20120901,,True
871,f8a6f02e-c6b9-417e-94c3-479fef30d0cd,Barbara,,Downey,NA,Staff,ES,71863be6-2fff-4e9f-9375-6aa3030aedb6,NA,20120901,,True
872,fb3bf211-8c29-472a-9a3f-5894df33fbcd,William,,Pitts,NA,Staff,ES,71863be6-2fff-4e9f-9375-6aa3030aedb6,NA,20120901,,True
873,75a9dd16-deb8-4b3d-a699-a8b6d6c56e6d,Reba,,Toro,NA,Staff,ES,71863be6-2fff-4e9f-9375-6aa3030aedb6,NA,20120901,,True
874,dd8ec226-ff1e-4ef8-9b0f-10c8c02fcf02,Benita,Sharon,West,NA,Staff,ES,71863be6-2fff-4e9f-9375-6aa3030aedb6,NA,20120901,,True
875,d4e2352f-46d7-4f42-b248-c8bb99e9c194,Edna,Charlotte,White,NA,Staff,ES,71863be6-2fff-4e9f-9375-6aa3030aedb6,NA,20120901,,True
884,b8dc9c9f-1077-4b7a-936c-54d144b99a4e,Scott,,Simpkins,NA,Staff,ES,6668cf33-ec76-46ef-ab30-7a83ea21f83a,NA,20120901,,True
885,f4c3ef99-0220-4173-8890-089dc939151d,Beverly,Bertha,Hoang,NA,Staff,ES,6668cf33-ec76-46ef-ab30-7a83ea21f83a,NA,20120901,,True
886,1519a68f-e64b-4031-9230-c3ba8d379c8e,Andrea,,West,NA,Staff,ES,6668cf33-ec76-46ef-ab30-7a83ea21f83a,NA,20120901,,True
887,93883048-d007-4396-bb24-5ae8a7f5396c,Jessie,,Heredia,NA,Staff,ES,6668cf33-ec76-46ef-ab30-7a83ea21f83a,NA,20120901,,True
888,a64cb155-5c32-416a-bf61-31ee23edb3e3,Freda,Cassandra,Childers,NA,Staff,ES,6668cf33-ec76-46ef-ab30-7a83ea21f83a,NA,20120901,,True
889,7ca6ebd1-1ed4-4abc-982b-aaccd7c4fd54,Eleanor,Lorena,Mcraney,NA,Staff,ES,6668cf33-ec76-46ef-ab30-7a83ea21f83a,NA,20120901,,True
890,33d9b451-7b08-4feb-b6fa-53fcd8152fad,Michael,,Flores,NA,Staff,ES,6668cf33-ec76-46ef-ab30-7a83ea21f83a,NA,20120901,,True
891,4594d741-ae9d-4f09-b2af-bb4f6a574b74,Philip,,Payne,NA,Staff,ES,6668cf33-ec76-46ef-ab30-7a83ea21f83a,NA,20120901,,True
892,bbba7bca-f492-4f3d-8890-c01398ae76a2,Sharon,,Windham,NA,Staff,ES,6668cf33-ec76-46ef-ab30-7a83ea21f83a,NA,20120901,,True
893,d52c34a0-d90b-408b-b4f1-06ddfde349b7,Henry,,Murray,NA,Staff,ES,6668cf33-ec76-46ef-ab30-7a83ea21f83a,NA,20120901,,True
902,55ee648b-869b-46cf-a541-bae7b4fdcc29,Kimberly,,Wolff,NA,Staff,ES,4ae1cdb2-417d-4f23-ae5e-17b604cd3d8e,NA,20120901,,True
903,7c78a7bf-8790-41a0-9e59-18e231bb0c48,Diane,Mildred,Dye,NA,Staff,ES,4ae1cdb2-417d-4f23-ae5e-17b604cd3d8e,NA,20120901,,True
904,589b989c-2b44-41e8-a98a-ef6c61b79c7f,Peter,,Paine,NA,Staff,ES,4ae1cdb2-417d-4f23-ae5e-17b604cd3d8e,NA,20120901,,True
905,e2f4ab16-6d9a-41c1-93b4-8ebc245cabd0,Andre,,Ford,NA,Staff,ES,4ae1cdb2-417d-4f23-ae5e-17b604cd3d8e,NA,20120901,,True
906,abc7c6b7-fc5d-49cc-8e7c-ecf21a3a0fae,Wilford,Steven,Bryant,NA,Staff,ES,4ae1cdb2-417d-4f23-ae5e-17b604cd3d8e,NA,20120901,,True
907,de6a89b5-3cf6-4c9b-a194-57b3d243ba44,Helen,,Capo,NA,Staff,ES,4ae1cdb2-417d-4f23-ae5e-17b604cd3d8e,NA,20120901,,True
908,94c26ef2-b33e-47e6-8488-75fb4783b9f7,Claire,Monica,Stuart,NA,Staff,ES,4ae1cdb2-417d-4f23-ae5e-17b604cd3d8e,NA,20120901,,True
909,590c8f18-bd97-4fc8-a740-d074c9916c6c,Harold,,Benson,NA,Staff,ES,4ae1cdb2-417d-4f23-ae5e-17b604cd3d8e,NA,20120901,,True
910,60c1e546-7e9a-4e8d-8353-701492be9dfe,Lillie,Helen,Werner,NA,Staff,ES,4ae1cdb2-417d-4f23-ae5e-17b604cd3d8e,NA,20120901,,True
911,dba2a169-c7df-4799-a39c-5bfdaf4be7a0,Angelo,Jerry,Soper,NA,Staff,ES,4ae1cdb2-417d-4f23-ae5e-17b604cd3d8e,NA,20120901,,True
920,29580e5e-187a-4992-81f2-df795f2ea892,Jenna,,Baney,NA,Staff,ES,75c07508-0a40-47d5-9c51-092173a30cb7,NA,20120901,,True
921,c6572e9b-9891-4bb6-b903-a1da345f7e1e,Lisa,Jeannette,Jones,NA,Staff,ES,75c07508-0a40-47d5-9c51-092173a30cb7,NA,20120901,,True
922,def4c823-ea0c-4afd-9b21-73d5ba6814a6,Donna,,Steinberger,NA,Staff,ES,75c07508-0a40-47d5-9c51-092173a30cb7,NA,20120901,,True
923,a9ef4c20-706f-4b88-9fa5-62b1dc8e4911,Jason,Norris,Valdez,NA,Staff,ES,75c07508-0a40-47d5-9c51-092173a30cb7,NA,20120901,,True
924,9fc550d5-b04d-46b3-b0b9-caf9ffdef1e5,Jackeline,Margie,Pike,NA,Staff,ES,75c07508-0a40-47d5-9c51-092173a30cb7,NA,20120901,,True
925,d1e61d06-4697-4366-b0d6-6ffdf27e2dd6,Richard,Clifford,Martinez,NA,Staff,ES,75c07508-0a40-47d5-9c51-092173a30cb7,NA,20120901,,True
926,d9032c13-1361-46a5-9726-e863f0427bcf,Jason,William,Wylie,NA,Staff,ES,75c07508-0a40-47d5-9c51-092173a30cb7,NA,20120901,,True
927,c3aa3cb1-f268-45a3-9ea6-7535b1bceb04,Theresa,Janice,Payne,NA,Staff,ES,75c07508-0a40-47d5-9c51-092173a30cb7,NA,20120901,,True
928,b9275d56-14da-47ca-b892-3dd5fface57a,Alfreda,,Worthy,NA,Staff,ES,75c07508-0a40-47d5-9c51-092173a30cb7,NA,20120901,,True
929,48e623b9-797c-44e8-91e7-1d3bec0e34aa,Lottie,Elena,Vuong,NA,Staff,ES,75c07508-0a40-47d5-9c51-092173a30cb7,NA,20120901,,True
938,d18a19cf-f3ad-49d1-9c0a-a83e8e72b2d6,Robert,,Nickels,NA,Staff,ES,8143ca07-42f7-426c-a0b8-28683f82e220,NA,20120901,,True
939,db8c925b-1f96-4338-997d-67d10dc1229e,Norberto,Jame,Leopard,NA,Staff,ES,8143ca07-42f7-426c-a0b8-28683f82e220,NA,20120901,,True
940,38bc7925-7b66-49c7-8ab1-e35bd460ae5b,Jason,,Papineau,NA,Staff,ES,8143ca07-42f7-426c-a0b8-28683f82e220,NA,20120901,,True
941,16f8294b-cc74-4645-b13f-ff0a15857ab3,Eric,,Long,NA,Staff,ES,8143ca07-42f7-426c-a0b8-28683f82e220,NA,20120901,,True
942,97b26f27-53ab-48db-a802-b8ae9ab0189c,Heather,Doris,King,NA,Staff,ES,8143ca07-42f7-426c-a0b8-28683f82e220,NA,20120901,,True
943,02f0938e-c853-4134-bed1-2e86fb6fa06d,Scott,,Edelson,NA,Staff,ES,8143ca07-42f7-426c-a0b8-28683f82e220,NA,20120901,,True
944,7cb892f0-456b-4b1b-8ea7-6bfedd529bb2,Doris,Della,Carnahan,NA,Staff,ES,8143ca07-42f7-426c-a0b8-28683f82e220,NA,20120901,,True
945,c07a5a9e-036a-4dec-82a2-78515c8ada68,David,Don,Mcgeorge,NA,Staff,ES,8143ca07-42f7-426c-a0b8-28683f82e220,NA,20120901,,True
946,b4172787-4018-43e2-b3f6-66e6c7b11ada,Roxanne,,Ransom,NA,Staff,ES,8143ca07-42f7-426c-a0b8-28683f82e220,NA,20120901,,True
947,2afabaf2-9a19-4b13-83dd-fe4084cfb7ea,Carlton,,Kwiatkowski,NA,Staff,ES,8143ca07-42f7-426c-a0b8-28683f82e220,NA,20120901,,True
956,2acc4fe8-254f-4c74-b81e-8bab44dc9071,Larry,,Malmberg,NA,Staff,ES,47ecca5d-c809-49fe-ad09-833a1ae695f8,NA,20120901,,True
957,6b78f10c-aae3-4d72-8b13-f260a5fa0d70,Clarice,Marie,Sanders,NA,Staff,ES,47ecca5d-c809-49fe-ad09-833a1ae695f8,NA,20120901,,True
958,7ab6d057-2e92-434d-9c4f-393a4c61424a,Melinda,,George,NA,Staff,ES,47ecca5d-c809-49fe-ad09-833a1ae695f8,NA,20120901,,True
959,cf8599ad-2cc2-4ad4-a861-2df3748e40eb,James,,Rhodes,NA,Staff,ES,47ecca5d-c809-49fe-ad09-833a1ae695f8,NA,20120901,,True
960,bfa0b0d2-5ec8-4a71-8671-c930678951e5,Alan,Terry,Maze,NA,Staff,ES,47ecca5d-c809-49fe-ad09-833a1ae695f8,NA,20120901,,True
961,45db9d69-48c5-4cdb-9ef2-210fa050f187,Juan,Henry,Womack,NA,Staff,ES,47ecca5d-c809-49fe-ad09-833a1ae695f8,NA,20120901,,True
962,d80fb15f-f116-4acd-a064-a1e4c2c7d970,Carol,Tabitha,Elliot,NA,Staff,ES,47ecca5d-c809-49fe-ad09-833a1ae695f8,NA,20120901,,True
963,f8df5dc5-25a8-4a72-b579-25956561cd5c,Alan,,Torres,NA,Staff,ES,47ecca5d-c809-49fe-ad09-833a1ae695f8,NA,20120901,,True
964,449735ee-1d5a-48f9-bff2-c2441e9686fb,Margaret,Hazel,Moore,NA,Staff,ES,47ecca5d-c809-49fe-ad09-833a1ae695f8,NA,20120901,,True
965,dd2f5741-d6f8-4571-be30-7057c370b737,Anna,,Karp,NA,Staff,ES,47ecca5d-c809-49fe-ad09-833a1ae695f8,NA,20120901,,True
974,32198a5d-7239-4b6e-bfb8-e1e155f7b1b0,Doris,,Papp,NA,Staff,ES,5d78ca1a-5ba1-41cd-b0d0-f93dfbdcb5c8,NA,20120901,,True
975,8c1eb916-eba8-45ce-92e3-dca676c8dc4c,Elsie,,Lee,NA,Staff,ES,5d78ca1a-5ba1-41cd-b0d0-f93dfbdcb5c8,NA,20120901,,True
976,60d4115c-cc74-4289-b92b-22e0e3cd46b4,Maria,Dorothy,Hollingsworth,NA,Staff,ES,5d78ca1a-5ba1-41cd-b0d0-f93dfbdcb5c8,NA,20120901,,True
977,94ba0ff0-56bd-487f-8e99-35a824ab3fce,Susan,Joan,Dejesus,NA,Staff,ES,5d78ca1a-5ba1-41cd-b0d0-f93dfbdcb5c8,NA,20120901,,True
978,0218d4d8-3375-4217-b35f-c5252f6ec491,William,,Bean,NA,Staff,ES,5d78ca1a-5ba1-41cd-b0d0-f93dfbdcb5c8,NA,20120901,,True
979,b5616f34-5d5f-4165-92d6-c4093221747b,James,,Shipe,NA,Staff,ES,5d78ca1a-5ba1-41cd-b0d0-f93dfbdcb5c8,NA,20120901,,True
980,4233af1a-f8de-4e1d-bbb8-aae1a9d55904,Carol,,Becker,NA,Staff,ES,5d78ca1a-5ba1-41cd-b0d0-f93dfbdcb5c8,NA,20120901,,True
981,7153da76-b019-48cf-987c-4c8e9bff8861,Judy,,Boone,NA,Staff,ES,5d78ca1a-5ba1-41cd-b0d0-f93dfbdcb5c8,NA,20120901,,True
982,3c1e53e5-013d-459b-8319-909b28451dab,Pamela,,Germann,NA,Staff,ES,5d78ca1a-5ba1-41cd-b0d0-f93dfbdcb5c8,NA,20120901,,True
983,8ac7653c-40ea-491b-8408-88d207131584,Kenneth,,Ricard,NA,Staff,ES,5d78ca1a-5ba1-41cd-b0d0-f93dfbdcb5c8,NA,20120901,,True
992,b31afdf5-1297-4401-8f6c-07eb5b89b74b,Aaron,Darryl,Hale,NA,Staff,ES,85492e50-d989-4d0e-bf70-fc0cd837865b,NA,20120901,,True
993,b873fe42-9ae0-4f22-85a9-ff032779559c,James,Edmund,Hunt,NA,Staff,ES,85492e50-d989-4d0e-bf70-fc0cd837865b,NA,20120901,,True
994,3d6359b5-30d8-4df9-9f6b-4a53166aadfa,Deetta,Sadie,Attwood,NA,Staff,ES,85492e50-d989-4d0e-bf70-fc0cd837865b,NA,20120901,,True
995,15e503a5-6a7d-45f4-875e-9b2aef75a605,Alice,Coleen,Sisk,NA,Staff,ES,85492e50-d989-4d0e-bf70-fc0cd837865b,NA,20120901,,True
996,52038f0f-1563-4803-8467-6df8080f3f8c,Allison,Brooke,Draper,NA,Staff,ES,85492e50-d989-4d0e-bf70-fc0cd837865b,NA,20120901,,True
997,b16d1218-f7eb-4716-8521-1e2710e801ed,Russell,,Brown,NA,Staff,ES,85492e50-d989-4d0e-bf70-fc0cd837865b,NA,20120901,,True
998,6bc2ac3a-258b-492d-b3a8-6d462c7c3081,Linda,Gloria,Smith,NA,Staff,ES,85492e50-d989-4d0e-bf70-fc0cd837865b,NA,20120901,,True
999,8bf3d6a6-0042-4304-abc9-e952ce8ed039,Benito,,Bensen,NA,Staff,ES,85492e50-d989-4d0e-bf70-fc0cd837865b,NA,20120901,,True
1000,59f82ad5-6093-4107-9100-c125e796806a,Robert,,Gillman,NA,Staff,ES,85492e50-d989-4d0e-bf70-fc0cd837865b,NA,20120901,,True
1001,3bccc673-9f56-4700-9c8e-e5b1528126e1,Karl,Barry,Armstrong,NA,Staff,ES,85492e50-d989-4d0e-bf70-fc0cd837865b,NA,20120901,,True
1010,6e70a244-dc8c-4696-bb66-c254b0e76534,Glenn,Edward,Grenz,NA,Staff,ES,27b43311-eee7-44fd-9e4b-cfed44df296a,NA,20120901,,True
1011,4e0ffd05-857d-419d-8f9b-586ba00ae233,John,,Thompson,NA,Staff,ES,27b43311-eee7-44fd-9e4b-cfed44df296a,NA,20120901,,True
1012,1d019be7-d6eb-4595-a655-7da44c952b9c,Edward,,Brown,NA,Staff,ES,27b43311-eee7-44fd-9e4b-cfed44df296a,NA,20120901,,True
1013,72e271a0-2b29-4648-9bf0-8fb2c7611de9,Ethel,Daphne,Lumpkins,NA,Staff,ES,27b43311-eee7-44fd-9e4b-cfed44df296a,NA,20120901,,True
1014,c65036ed-6021-44fd-8c25-1ea215b558fc,Nicholas,Noel,Aguirre,NA,Staff,ES,27b43311-eee7-44fd-9e4b-cfed44df296a,NA,20120901,,True
1015,9c5ff0d2-3286-4910-a5b3-2dc95681dc2c,Diana,,Gober,NA,Staff,ES,27b43311-eee7-44fd-9e4b-cfed44df296a,NA,20120901,,True
1016,9b77b5e6-2e97-462e-8359-bd4aba3ad1f8,Troy,Ronald,Flores,NA,Staff,ES,27b43311-eee7-44fd-9e4b-cfed44df296a,NA,20120901,,True
1017,12e53bb3-7933-4f53-825b-814d75e9a079,Jeanette,,Marks,NA,Staff,ES,27b43311-eee7-44fd-9e4b-cfed44df296a,NA,20120901,,True
1018,57ee5ab2-c5ff-40af-b10a-0e5136a41e3f,Hollis,Brian,Justin,NA,Staff,ES,27b43311-eee7-44fd-9e4b-cfed44df296a,NA,20120901,,True
1019,20b69bd3-ae95-495c-9555-e2d28a3629e1,Dennis,,Chittenden,NA,Staff,ES,27b43311-eee7-44fd-9e4b-cfed44df296a,NA,20120901,,True
1028,b96f8bf1-6f60-4439-9bcd-f59ed720799e,Yvonne,,Hook,NA,Staff,ES,90f1d3a1-9dc8-4c56-a041-78ad63a7e078,NA,20120901,,True
1029,09348b9d-ac6c-4c80-9751-c4442fab8751,Karen,,Kaspar,NA,Staff,ES,90f1d3a1-9dc8-4c56-a041-78ad63a7e078,NA,20120901,,True
1030,6cdb8a3e-a860-44b6-be05-f3ae6896f9c8,Anthony,Terrence,Andrews,NA,Staff,ES,90f1d3a1-9dc8-4c56-a041-78ad63a7e078,NA,20120901,,True
1031,cb3422ae-03d1-4bcc-812a-ccff64fc63ed,Katherine,,Moss,NA,Staff,ES,90f1d3a1-9dc8-4c56-a041-78ad63a7e078,NA,20120901,,True
1032,f92222ca-477d-4790-86da-5a7cfb815b8a,John,John,Lupo,NA,Staff,ES,90f1d3a1-9dc8-4c56-a041-78ad63a7e078,NA,20120901,,True
1033,ade08c52-7883-410a-8e38-00eaaaccf7cf,Maryanne,Melissa,Zink,NA,Staff,ES,90f1d3a1-9dc8-4c56-a041-78ad63a7e078,NA,20120901,,True
1034,9b2fc32d-38c9-4b65-8aba-89931bac5be5,George,Brain,Sharp,NA,Staff,ES,90f1d3a1-9dc8-4c56-a041-78ad63a7e078,NA,20120901,,True
1035,45f09519-014c-4e00-8f3c-0262eead12ed,Heather,,Sandler,NA,Staff,ES,90f1d3a1-9dc8-4c56-a041-78ad63a7e078,NA,20120901,,True
1036,36653af0-4a5d-44dd-8a54-480356eb0d65,Rosemary,,Babineaux,NA,Staff,ES,90f1d3a1-9dc8-4c56-a041-78ad63a7e078,NA,20120901,,True
1037,e3b49078-3de6-4b44-b27a-161e7a01dd71,Lisa,,Kline,NA,Staff,ES,90f1d3a1-9dc8-4c56-a041-78ad63a7e078,NA,20120901,,True
1046,1027426a-a95f-49f3-bbc6-fa7008eadfe2,Duane,Timothy,Lashley,NA,Staff,ES,ba66d424-1f70-41db-994f-80c2d0c57470,NA,20120901,,True
1047,df5b086c-9cd2-467b-81f2-6001ccf6c471,Bobbie,Ruth,Merriam,NA,Staff,ES,ba66d424-1f70-41db-994f-80c2d0c57470,NA,20120901,,True
1048,b4ae4ace-47be-43aa-8706-433695017210,Larry,Thomas,Wulf,NA,Staff,ES,ba66d424-1f70-41db-994f-80c2d0c57470,NA,20120901,,True
1049,d1f589a3-c948-4a95-88a2-47840e106b49,Larry,Louie,Fox,NA,Staff,ES,ba66d424-1f70-41db-994f-80c2d0c57470,NA,20120901,,True
1050,bf44940e-6a52-44e9-b630-f2d0e38229ca,Shirley,Donna,Mintz,NA,Staff,ES,ba66d424-1f70-41db-994f-80c2d0c57470,NA,20120901,,True
1051,f0269998-482b-4ade-a139-5eec20df1807,Gerald,,Weaver,NA,Staff,ES,ba66d424-1f70-41db-994f-80c2d0c57470,NA,20120901,,True
1052,afcb4709-fed0-4528-8660-0f56df03eb0a,Herbert,,Carrell,NA,Staff,ES,ba66d424-1f70-41db-994f-80c2d0c57470,NA,20120901,,True
1053,9947b186-1f51-404b-8400-a1f68ba469ad,Felicita,,Atwood,NA,Staff,ES,ba66d424-1f70-41db-994f-80c2d0c57470,NA,20120901,,True
1054,e070f707-7881-4d21-b62f-4f244b348ff7,Donna,Erminia,Rico,NA,Staff,ES,ba66d424-1f70-41db-994f-80c2d0c57470,NA,20120901,,True
1055,a2a1002a-1549-42b6-b972-d23a160628f8,Mackenzie,,Horowitz,NA,Staff,ES,ba66d424-1f70-41db-994f-80c2d0c57470,NA,20120901,,True
1064,c78d1978-3e6a-4ea2-9615-dd78ed62a0c2,Joyce,Delores,Mclaughlin,NA,Staff,ES,d3f2ca73-68b2-4151-8962-a252b2dafd07,NA,20120901,,True
1065,d7a24452-dc42-4ccc-89db-046c6777e433,Robert,,Early,NA,Staff,ES,d3f2ca73-68b2-4151-8962-a252b2dafd07,NA,20120901,,True
1066,0e6a8f2e-db7f-4823-b267-c73cc6e11330,Eloise,,Ball,NA,Staff,ES,d3f2ca73-68b2-4151-8962-a252b2dafd07,NA,20120901,,True
1067,8e422418-ff68-4ad4-a49b-2eaad6bb7ca8,David,Thomas,Gonzalez,NA,Staff,ES,d3f2ca73-68b2-4151-8962-a252b2dafd07,NA,20120901,,True
1068,84556e23-28c4-4153-8fb5-966c5e0ff8f4,Kelly,,Gravois,NA,Staff,ES,d3f2ca73-68b2-4151-8962-a252b2dafd07,NA,20120901,,True
1069,d48e5d25-ae18-41b0-9ab9-6af77cd9d08c,Benjamin,,Rocha,NA,Staff,ES,d3f2ca73-68b2-4151-8962-a252b2dafd07,NA,20120901,,True
1070,de97c8e7-1704-4611-8737-7bbb3c5513fa,Peggy,,Parks,NA,Staff,ES,d3f2ca73-68b2-4151-8962-a252b2dafd07,NA,20120901,,True
1071,2273d7b8-6536-4d54-9604-602c4f73a62d,Candice,Melba,Rhodes,NA,Staff,ES,d3f2ca73-68b2-4151-8962-a252b2dafd07,NA,20120901,,True
1072,b0efe1e0-ce9f-4f1f-857e-f87568943255,Maricela,,Snipes,NA,Staff,ES,d3f2ca73-68b2-4151-8962-a252b2dafd07,NA,20120901,,True
1073,5f23aacf-cf38-46ce-b559-297175d20dea,Chad,Cameron,Solis,NA,Staff,ES,d3f2ca73-68b2-4151-8962-a252b2dafd07,NA,20120901,,True
1082,fdaad894-ef94-4af5-8ac2-20136f9f9db2,Deborah,,Campbell,NA,Staff,ES,22a9246e-f8ea-4616-871c-ee5497630c8b,NA,20120901,,True
1083,5a58b942-0f61-4fc1-b0bf-670e27444e44,William,Kyle,Carter,NA,Staff,ES,22a9246e-f8ea-4616-871c-ee5497630c8b,NA,20120901,,True
1084,ad8a540e-84fb-4711-aab9-ae273972e4d9,Carol,,Erickson,NA,Staff,ES,22a9246e-f8ea-4616-871c-ee5497630c8b,NA,20120901,,True
1085,396c899b-9719-4ac7-8779-2117235a43af,Wallace,,Holleran,NA,Staff,ES,22a9246e-f8ea-4616-871c-ee5497630c8b,NA,20120901,,True
1086,8367fa9e-804a-4157-92af-418c152a1443,Geraldine,Ursula,Pollock,NA,Staff,ES,22a9246e-f8ea-4616-871c-ee5497630c8b,NA,20120901,,True
1087,c82d1e11-0a8b-4090-979d-0f3609759f34,Charles,Jerry,Burk,NA,Staff,ES,22a9246e-f8ea-4616-871c-ee5497630c8b,NA,20120901,,True
1088,ac9caade-d4c5-4dc5-a0f1-70f51757c845,Antonia,,Bryce,NA,Staff,ES,22a9246e-f8ea-4616-871c-ee5497630c8b,NA,20120901,,True
1089,ebcf4346-5ec2-4a53-a256-3a452d078946,Joyce,Irma,Jimenez,NA,Staff,ES,22a9246e-f8ea-4616-871c-ee5497630c8b,NA,20120901,,True
1090,363b13c8-2794-4100-bd64-8a68865bbc66,Keith,,Allard,NA,Staff,ES,22a9246e-f8ea-4616-871c-ee5497630c8b,NA,20120901,,True
1091,fbeb54bf-70f5-44b0-85f7-0f35bed4d10b,Stephen,,Vannatter,NA,Staff,ES,22a9246e-f8ea-4616-871c-ee5497630c8b,NA,20120901,,True
1100,17726069-1c27-4ea5-a89a-fee5960f142a,George,Frederick,Card,NA,Staff,ES,e6a44430-ea5a-4601-aaa3-533f8eb2a0ef,NA,20120901,,True
1101,337e81a9-0cf6-40e4-bea3-f667524c3f0d,Jennifer,,Frost,NA,Staff,ES,e6a44430-ea5a-4601-aaa3-533f8eb2a0ef,NA,20120901,,True
1102,c68ca772-b308-49b8-b49c-31d6c24c3814,Albert,,Craig,NA,Staff,ES,e6a44430-ea5a-4601-aaa3-533f8eb2a0ef,NA,20120901,,True
1103,7206f301-35dc-421b-93bd-fb86827079e4,Hanna,,Sweeney,NA,Staff,ES,e6a44430-ea5a-4601-aaa3-533f8eb2a0ef,NA,20120901,,True
1104,bd5f670f-af94-458f-a9cf-f980f712eff7,Elaine,,Lara,NA,Staff,ES,e6a44430-ea5a-4601-aaa3-533f8eb2a0ef,NA,20120901,,True
1105,f3b3bfd4-bb41-4402-9601-e0fd7581179f,Bertha,Jean,Tierney,NA,Staff,ES,e6a44430-ea5a-4601-aaa3-533f8eb2a0ef,NA,20120901,,True
1106,647cbb62-38bd-4bab-9fa9-58c0a8d98302,Larry,Eddie,Stone,NA,Staff,ES,e6a44430-ea5a-4601-aaa3-533f8eb2a0ef,NA,20120901,,True
1107,06d9226c-ccee-4b20-8ab2-f43598ab9998,Alfred,,Cook,NA,Staff,ES,e6a44430-ea5a-4601-aaa3-533f8eb2a0ef,NA,20120901,,True
1108,c58cd0a8-f1f9-457c-929d-493a57f250f2,John,Jeff,Silva,NA,Staff,ES,e6a44430-ea5a-4601-aaa3-533f8eb2a0ef,NA,20120901,,True
1109,15e4b56b-ad7a-4f4d-be57-b54cff8067b6,Michelle,,Ramirez,NA,Staff,ES,e6a44430-ea5a-4601-aaa3-533f8eb2a0ef,NA,20120901,,True
1118,44dd9910-d51f-426f-a501-211b6e194786,Mildred,,Velasquez,NA,Staff,ES,ad8a27bf-6ad3-46cf-a148-1e48d639b535,NA,20120901,,True
1119,0235d4ce-55bf-4618-902a-55c6e3dd5f7e,Billy,Richard,Robertson,NA,Staff,ES,ad8a27bf-6ad3-46cf-a148-1e48d639b535,NA,20120901,,True
1120,8a4fd8dc-137b-42c5-9e4a-c8e86f2e02d2,Cynthia,Frances,Benjamin,NA,Staff,ES,ad8a27bf-6ad3-46cf-a148-1e48d639b535,NA,20120901,,True
1121,26e76f8b-1ed7-4420-8419-830939c4cfd5,Rudolph,Brian,Shay,NA,Staff,ES,ad8a27bf-6ad3-46cf-a148-1e48d639b535,NA,20120901,,True
1122,8be2b142-0f40-4b6b-8829-6e34c4a23c8b,Cindy,,Kittleson,NA,Staff,ES,ad8a27bf-6ad3-46cf-a148-1e48d639b535,NA,20120901,,True
1123,f769bcf8-a817-4345-96b8-906e15965a6c,Barbara,Jennifer,Corbett,NA,Staff,ES,ad8a27bf-6ad3-46cf-a148-1e48d639b535,NA,20120901,,True
1124,6c8fa33d-b577-4202-9d5b-c1b4b42b30dd,Kathleen,,Blanco,NA,Staff,ES,ad8a27bf-6ad3-46cf-a148-1e48d639b535,NA,20120901,,True
1125,1193cd6c-649e-49eb-a920-2d1160e7ef82,Tommy,,Vital,NA,Staff,ES,ad8a27bf-6ad3-46cf-a148-1e48d639b535,NA,20120901,,True
1126,299652e9-1c5c-4dc9-83b4-d3cf42ad937b,Ruth,,Whitfield,NA,Staff,ES,ad8a27bf-6ad3-46cf-a148-1e48d639b535,NA,20120901,,True
1127,79a211cc-1fe1-4b2c-86b3-f567713ef766,Kimberly,,Shifflett,NA,Staff,ES,ad8a27bf-6ad3-46cf-a148-1e48d639b535,NA,20120901,,True
1136,0becc65d-46bb-4b20-86fa-0d81cc64545e,Julio,,Thatcher,NA,Staff,ES,0a5ef390-bd11-44ad-ab37-7bd7b05fcff2,NA,20120901,,True
1137,2fa38fb8-fa92-4c12-bbae-30c409d812de,Mary,Alia,Diaz,NA,Staff,ES,0a5ef390-bd11-44ad-ab37-7bd7b05fcff2,NA,20120901,,True
1138,2999d43e-ffdd-474b-a367-f185d0ae0f58,Rosa,,Allen,NA,Staff,ES,0a5ef390-bd11-44ad-ab37-7bd7b05fcff2,NA,20120901,,True
1139,3bbf4d4d-7475-4bd3-8284-5b34605193ed,Chester,,Lord,NA,Staff,ES,0a5ef390-bd11-44ad-ab37-7bd7b05fcff2,NA,20120901,,True
1140,831b9bb0-6f50-481f-ae05-08111234252a,Laura,,Laird,NA,Staff,ES,0a5ef390-bd11-44ad-ab37-7bd7b05fcff2,NA,20120901,,True
1141,5b7da26d-5f8f-439c-b175-00dd97145605,Ruth,Renee,Lussier,NA,Staff,ES,0a5ef390-bd11-44ad-ab37-7bd7b05fcff2,NA,20120901,,True
1142,4d2ffc97-49e3-4e6b-9e87-711635cb78b2,Virginia,Anna,Blocker,NA,Staff,ES,0a5ef390-bd11-44ad-ab37-7bd7b05fcff2,NA,20120901,,True
1143,9e9f6d4f-c019-4b73-aade-c37603245097,Guy,Charles,Ryan,NA,Staff,ES,0a5ef390-bd11-44ad-ab37-7bd7b05fcff2,NA,20120901,,True
1144,9dc43697-e46f-494b-b04c-9f0935e6b71e,Erin,Joyce,Rosenberg,NA,Staff,ES,0a5ef390-bd11-44ad-ab37-7bd7b05fcff2,NA,20120901,,True
1145,6a9eb161-9438-45f4-91c5-1fb738c4e866,James,Mathew,Davis,NA,Staff,ES,0a5ef390-bd11-44ad-ab37-7bd7b05fcff2,NA,20120901,,True
1154,12929888-2c7f-4848-845d-07c5430f729f,John,,Anderson,NA,Staff,ES,9bb2a36e-c58b-498a-b941-a4c6126435b9,NA,20120901,,True
1155,566a4ba1-bd45-4a4c-8fa2-28e51708058a,Carol,,Coronado,NA,Staff,ES,9bb2a36e-c58b-498a-b941-a4c6126435b9,NA,20120901,,True
1156,d720ab3f-7c39-4163-89a2-2ebb300bcaf8,Dena,,Jarvis,NA,Staff,ES,9bb2a36e-c58b-498a-b941-a4c6126435b9,NA,20120901,,True
1157,5eaca7bf-3849-4189-8e8b-31ff87d8df3c,Joyce,,Brown,NA,Staff,ES,9bb2a36e-c58b-498a-b941-a4c6126435b9,NA,20120901,,True
1158,e63793c0-5576-48a6-9811-8d9113c3dd0c,Audrey,,Lasky,NA,Staff,ES,9bb2a36e-c58b-498a-b941-a4c6126435b9,NA,20120901,,True
1159,13caf778-2cca-4813-85c5-613a7ccd5527,Rebecca,Betsy,Gordon,NA,Staff,ES,9bb2a36e-c58b-498a-b941-a4c6126435b9,NA,20120901,,True
1160,828f4952-8a68-4859-9bcf-8dceae4f5cfb,Henry,,Brown,NA,Staff,ES,9bb2a36e-c58b-498a-b941-a4c6126435b9,NA,20120901,,True
1161,c662044b-8618-4b32-a2db-e2cdb29dc987,Austin,Randy,Chavez,NA,Staff,ES,9bb2a36e-c58b-498a-b941-a4c6126435b9,NA,20120901,,True
1162,d460e97b-3970-4219-9997-e10241495e19,Christine,Theresa,Schupp,NA,Staff,ES,9bb2a36e-c58b-498a-b941-a4c6126435b9,NA,20120901,,True
1163,5fad05ab-600d-4cf6-9c68-9d1baba4f97f,Tommy,Randy,Williams,NA,Staff,ES,9bb2a36e-c58b-498a-b941-a4c6126435b9,NA,20120901,,True
1172,ee39b7ef-66f8-45c7-84b6-12963a81a887,Jean,,Hoffman,NA,Staff,ES,d147162b-2a6b-4129-9539-0927762c1c27,NA,20120901,,True
1173,af0eb329-61e6-4c68-afd1-93fa8b8c1115,Joseph,,Garcia,NA,Staff,ES,d147162b-2a6b-4129-9539-0927762c1c27,NA,20120901,,True
1174,f70d2c7f-3f69-4d2d-b466-647c5f8984d9,Freddie,,Carr,NA,Staff,ES,d147162b-2a6b-4129-9539-0927762c1c27,NA,20120901,,True
1175,fdf74405-5978-44ea-8c08-7d2eee9d580c,Laurence,Philip,Martinez,NA,Staff,ES,d147162b-2a6b-4129-9539-0927762c1c27,NA,20120901,,True
1176,3ad7c272-f94a-425f-b019-cbe6fc63a3a0,Christopher,,Anderson,NA,Staff,ES,d147162b-2a6b-4129-9539-0927762c1c27,NA,20120901,,True
1177,c2dcdac1-c9ce-40c5-8114-4f0098311c34,Melissa,Tanya,Costello,NA,Staff,ES,d147162b-2a6b-4129-9539-0927762c1c27,NA,20120901,,True
1178,14ec2291-e6c4-40db-8bb2-79b78dd96ad8,Marjorie,,Stiffler,NA,Staff,ES,d147162b-2a6b-4129-9539-0927762c1c27,NA,20120901,,True
1179,410edb30-22e3-4e8f-a245-0cdba6207602,Tameka,Denise,Herrick,NA,Staff,ES,d147162b-2a6b-4129-9539-0927762c1c27,NA,20120901,,True
1180,33a98e23-616c-4335-8ecc-08e938226275,Ruby,,Coon,NA,Staff,ES,d147162b-2a6b-4129-9539-0927762c1c27,NA,20120901,,True
1181,37ea2820-f526-4a26-b5a0-c93a905a18ed,Elizabeth,Donna,Rowan,NA,Staff,ES,d147162b-2a6b-4129-9539-0927762c1c27,NA,20120901,,True
34,70faab2c-d230-45d5-b5af-23f52bb89439,Merle,,Turbeville,NA,Staff,ES,NA,NA,20120901,,True
35,0b82d816-3da5-4185-8b14-347a303128c2,Louise,Holly,Foster,NA,Staff,ES,NA,NA,20120901,,True
36,207edcac-56d2-44ad-9e26-d682d0cdf883,Bernard,Ross,Eichler,NA,Staff,ES,NA,NA,20120901,,True
37,25f0e69a-c540-4459-b055-e427dd97f664,Susan,Scott,Atnip,NA,Staff,ES,NA,NA,20120901,,True
38,f5b1e652-6273-46e4-b703-1e744aee87e1,Milton,,Schulte,NA,Staff,ES,NA,NA,20120901,,True
39,1687d9c2-a603-44c3-8d54-229f8afa8be7,Maurice,Stephan,Jackson,NA,Staff,ES,NA,NA,20120901,,True
40,5178f214-41fa-4485-9a50-4690307fd3cf,George,,Greenspan,NA,Staff,ES,NA,NA,20120901,,True
41,7004f705-38f7-4439-b29b-0d9d666a8fdc,Brenda,,Billman,NA,Staff,ES,NA,NA,20120901,,True
42,45e3d6d5-aad1-4958-8872-6f78beff2883,Clayton,,Degen,NA,Staff,ES,NA,NA,20120901,,True
43,7f82e16d-31f0-4592-9f11-53344fd36b33,Janet,Julia,Pereira,NA,Staff,ES,NA,NA,20120901,,True
